-- phpMyAdmin SQL Dump
-- version 4.1.4
-- http://www.phpmyadmin.net
--
-- Host: 127.0.0.1
-- Generation Time: Oct 28, 2018 at 07:29 PM
-- Server version: 5.6.15-log
-- PHP Version: 5.4.24

SET SQL_MODE = "NO_AUTO_VALUE_ON_ZERO";
SET time_zone = "+00:00";


/*!40101 SET @OLD_CHARACTER_SET_CLIENT=@@CHARACTER_SET_CLIENT */;
/*!40101 SET @OLD_CHARACTER_SET_RESULTS=@@CHARACTER_SET_RESULTS */;
/*!40101 SET @OLD_COLLATION_CONNECTION=@@COLLATION_CONNECTION */;
/*!40101 SET NAMES utf8 */;

--
-- Database: `amoozeshmand`
--

-- --------------------------------------------------------

--
-- Table structure for table `category`
--

CREATE TABLE IF NOT EXISTS `category` (
  `id` int(11) NOT NULL AUTO_INCREMENT,
  `name` varchar(45) DEFAULT NULL,
  `description` varchar(500) DEFAULT NULL,
  PRIMARY KEY (`id`)
) ENGINE=InnoDB  DEFAULT CHARSET=utf8 AUTO_INCREMENT=21 ;

--
-- Dumping data for table `category`
--

INSERT INTO `category` (`id`, `name`, `description`) VALUES
(1, 'cat', 'cat'),
(2, 'dgsd', 'gsdgsdg'),
(3, 'Grohe darsi', 'Grohe darsi'),
(4, 'Grohe darsi', 'Grohe darsi'),
(5, 'Grohe darsi', 'Grohe darsi'),
(6, 'Grohe darsi', 'Grohe darsi'),
(7, 'Grohe darsi', 'Grohe darsi'),
(8, 'Grohe darsi', 'Grohe darsi'),
(9, 'Grohe darsi', 'Grohe darsi'),
(10, 'Grohe darsi', 'Grohe darsi'),
(11, 'Grohe darsi', 'Grohe darsi'),
(12, 'Grohe darsi', 'Grohe darsi'),
(13, 'Grohe darsi', 'Grohe darsi'),
(14, 'Grohe darsi', 'Grohe darsi'),
(15, 'Grohe darsi', 'Grohe darsi'),
(16, 'Grohe darsi', 'Grohe darsi'),
(17, 'Grohe darsi', 'Grohe darsi'),
(18, 'Grohe darsi', 'Grohe darsi'),
(19, 'Grohe darsi', 'Grohe darsi'),
(20, 'Grohe darsi', 'Grohe darsi');

-- --------------------------------------------------------

--
-- Table structure for table `chapter`
--

CREATE TABLE IF NOT EXISTS `chapter` (
  `id` int(11) NOT NULL AUTO_INCREMENT,
  `name` varchar(45) DEFAULT NULL,
  `description` varchar(500) DEFAULT NULL,
  `lesson_id` int(11) NOT NULL,
  PRIMARY KEY (`id`),
  KEY `fk_chapter_lesson1_idx` (`lesson_id`)
) ENGINE=InnoDB  DEFAULT CHARSET=utf8 AUTO_INCREMENT=17 ;

--
-- Dumping data for table `chapter`
--

INSERT INTO `chapter` (`id`, `name`, `description`, `lesson_id`) VALUES
(1, 'chapter', 'chapter', 1),
(2, 'dfhdfh', 'dfhdfh', 1),
(3, 'dfhdfh', 'dfhdfh', 2),
(4, 'chapter', 'chapter', 5),
(5, 'chapter2', 'chapter2', 5),
(6, 'chapter', 'chapter', 7),
(7, 'chapter2', 'chapter2', 7),
(8, 'chapter', 'chapter', 8),
(9, 'chapter2', 'chapter2', 8),
(10, 'chapter', 'chapter', 9),
(11, 'chapter2', 'chapter2', 9),
(12, 'chapter', 'chapter', 10),
(13, 'chapter', 'chapter', 11),
(14, 'chapter2', 'chapter2', 11),
(15, 'chapter', 'chapter', 12),
(16, 'chapter2', 'chapter2', 12);

-- --------------------------------------------------------

--
-- Table structure for table `course`
--

CREATE TABLE IF NOT EXISTS `course` (
  `id` int(11) NOT NULL AUTO_INCREMENT,
  `name` varchar(45) DEFAULT NULL,
  `description` varchar(500) DEFAULT NULL,
  `category_id` int(11) NOT NULL,
  PRIMARY KEY (`id`),
  KEY `fk_course_category1_idx` (`category_id`)
) ENGINE=InnoDB  DEFAULT CHARSET=utf8 AUTO_INCREMENT=16 ;

--
-- Dumping data for table `course`
--

INSERT INTO `course` (`id`, `name`, `description`, `category_id`) VALUES
(1, 'course', 'course', 1),
(3, 'asfasf', 'asgasgasg', 1),
(4, 'fgj', 'fgjfgjfgj', 1),
(5, 'Dars', 'Dars', 10),
(6, 'Dars', 'Dars', 11),
(7, 'Dars', 'Dars', 12),
(8, 'Dars', 'Dars', 13),
(9, 'Dars', 'Dars', 14),
(10, 'Dars', 'Dars', 15),
(11, 'Dars', 'Dars', 16),
(12, 'Dars', 'Dars', 17),
(13, 'Dars', 'Dars', 18),
(14, 'Dars', 'Dars', 19),
(15, 'Dars', 'Dars', 20);

-- --------------------------------------------------------

--
-- Table structure for table `exam`
--

CREATE TABLE IF NOT EXISTS `exam` (
  `id` int(11) NOT NULL AUTO_INCREMENT,
  `name` varchar(45) DEFAULT NULL,
  `description` varchar(500) DEFAULT NULL,
  `creation_date` timestamp NULL DEFAULT CURRENT_TIMESTAMP,
  `due_date` timestamp NULL DEFAULT NULL,
  `expire_date` timestamp NULL DEFAULT NULL,
  `question_number` int(11) DEFAULT NULL,
  `hadrdness_id` int(11) NOT NULL,
  `sub_chapter_id` int(11) DEFAULT NULL,
  `chapter_id` int(11) DEFAULT NULL,
  `lesson_id` int(11) DEFAULT NULL,
  `exam_type_id` int(11) NOT NULL,
  `user_id` int(11) NOT NULL,
  PRIMARY KEY (`id`),
  KEY `fk_exam_hadrdness1_idx` (`hadrdness_id`),
  KEY `fk_exam_sub_chapter1_idx` (`sub_chapter_id`),
  KEY `fk_exam_chapter1_idx` (`chapter_id`),
  KEY `fk_exam_lesson1_idx` (`lesson_id`),
  KEY `fk_exam_exam_type1_idx` (`exam_type_id`),
  KEY `fk_exam_user1_idx` (`user_id`)
) ENGINE=InnoDB DEFAULT CHARSET=utf8 AUTO_INCREMENT=1 ;

-- --------------------------------------------------------

--
-- Table structure for table `exam_question_answer`
--

CREATE TABLE IF NOT EXISTS `exam_question_answer` (
  `id` int(11) NOT NULL AUTO_INCREMENT,
  `exam_id` int(11) NOT NULL,
  `question_id` int(11) NOT NULL,
  `answer` binary(1) DEFAULT NULL,
  `due_date` datetime DEFAULT NULL,
  PRIMARY KEY (`id`),
  KEY `fk_exam_question_answer_exam1_idx` (`exam_id`),
  KEY `fk_exam_question_answer_question1_idx` (`question_id`)
) ENGINE=InnoDB DEFAULT CHARSET=utf8 AUTO_INCREMENT=1 ;

-- --------------------------------------------------------

--
-- Table structure for table `exam_type`
--

CREATE TABLE IF NOT EXISTS `exam_type` (
  `id` int(11) NOT NULL AUTO_INCREMENT,
  `name` varchar(45) DEFAULT NULL,
  PRIMARY KEY (`id`)
) ENGINE=InnoDB  DEFAULT CHARSET=utf8 AUTO_INCREMENT=3 ;

--
-- Dumping data for table `exam_type`
--

INSERT INTO `exam_type` (`id`, `name`) VALUES
(1, 'امتحان'),
(2, 'تمرین');

-- --------------------------------------------------------

--
-- Table structure for table `fav`
--

CREATE TABLE IF NOT EXISTS `fav` (
  `idfav` int(11) NOT NULL AUTO_INCREMENT,
  `user_id` int(11) NOT NULL,
  PRIMARY KEY (`idfav`),
  KEY `fk_fav_user1_idx` (`user_id`)
) ENGINE=InnoDB  DEFAULT CHARSET=utf8 AUTO_INCREMENT=2 ;

--
-- Dumping data for table `fav`
--

INSERT INTO `fav` (`idfav`, `user_id`) VALUES
(1, 1);

-- --------------------------------------------------------

--
-- Table structure for table `general_exam`
--

CREATE TABLE IF NOT EXISTS `general_exam` (
  `id` int(11) NOT NULL AUTO_INCREMENT,
  `creation_date` timestamp NULL DEFAULT CURRENT_TIMESTAMP,
  `expire_date` timestamp NULL DEFAULT NULL,
  `due_date` timestamp NULL DEFAULT NULL,
  `name` varchar(45) DEFAULT NULL,
  `description` varchar(500) DEFAULT NULL,
  `lesson_id` int(11) NOT NULL,
  PRIMARY KEY (`id`),
  KEY `fk_general_exam_lesson1_idx` (`lesson_id`)
) ENGINE=InnoDB  DEFAULT CHARSET=utf8 AUTO_INCREMENT=3 ;

--
-- Dumping data for table `general_exam`
--

INSERT INTO `general_exam` (`id`, `creation_date`, `expire_date`, `due_date`, `name`, `description`, `lesson_id`) VALUES
(1, '2018-08-17 01:33:34', '2018-08-15 19:30:00', '2018-08-22 19:30:00', 'tryrturtu', 'rtutrurtu', 1),
(2, '2018-08-17 02:59:18', '2018-08-21 19:30:00', '2018-08-15 19:30:00', 'dfhdfhdfh', 'dfhdfh', 1);

-- --------------------------------------------------------

--
-- Table structure for table `general_exam_user`
--

CREATE TABLE IF NOT EXISTS `general_exam_user` (
  `id` int(11) NOT NULL AUTO_INCREMENT,
  `mark` int(11) DEFAULT NULL,
  `general_exam_id` int(11) NOT NULL,
  `user_id` int(11) NOT NULL,
  `date` timestamp NOT NULL DEFAULT CURRENT_TIMESTAMP,
  PRIMARY KEY (`id`),
  KEY `fk_general_exam_user_general_exam1_idx` (`general_exam_id`),
  KEY `fk_general_exam_user_user1_idx` (`user_id`)
) ENGINE=InnoDB  DEFAULT CHARSET=utf8 AUTO_INCREMENT=2 ;

--
-- Dumping data for table `general_exam_user`
--

INSERT INTO `general_exam_user` (`id`, `mark`, `general_exam_id`, `user_id`, `date`) VALUES
(1, 10, 1, 1, '2018-08-17 02:38:38');

-- --------------------------------------------------------

--
-- Table structure for table `global_status`
--

CREATE TABLE IF NOT EXISTS `global_status` (
  `id` int(11) NOT NULL AUTO_INCREMENT,
  `name` varchar(45) DEFAULT NULL,
  PRIMARY KEY (`id`)
) ENGINE=InnoDB  DEFAULT CHARSET=utf8 AUTO_INCREMENT=3 ;

--
-- Dumping data for table `global_status`
--

INSERT INTO `global_status` (`id`, `name`) VALUES
(1, 'فعال'),
(2, 'غیر فعال');

-- --------------------------------------------------------

--
-- Table structure for table `hadrdness`
--

CREATE TABLE IF NOT EXISTS `hadrdness` (
  `id` int(11) NOT NULL AUTO_INCREMENT,
  `name` varchar(45) DEFAULT NULL,
  PRIMARY KEY (`id`)
) ENGINE=InnoDB  DEFAULT CHARSET=utf8 AUTO_INCREMENT=2 ;

--
-- Dumping data for table `hadrdness`
--

INSERT INTO `hadrdness` (`id`, `name`) VALUES
(1, 'asfasf');

-- --------------------------------------------------------

--
-- Table structure for table `hardness_defaults`
--

CREATE TABLE IF NOT EXISTS `hardness_defaults` (
  `id` int(11) NOT NULL AUTO_INCREMENT,
  `easy` int(11) DEFAULT NULL,
  `medume` int(11) DEFAULT NULL,
  `hard` int(11) DEFAULT NULL,
  `very_hard` int(11) DEFAULT NULL,
  `date` timestamp NULL DEFAULT CURRENT_TIMESTAMP,
  PRIMARY KEY (`id`)
) ENGINE=InnoDB  DEFAULT CHARSET=utf8 AUTO_INCREMENT=2 ;

--
-- Dumping data for table `hardness_defaults`
--

INSERT INTO `hardness_defaults` (`id`, `easy`, `medume`, `hard`, `very_hard`, `date`) VALUES
(1, 50, 10, 12, 18, '2018-09-14 14:39:45');

-- --------------------------------------------------------

--
-- Table structure for table `importance`
--

CREATE TABLE IF NOT EXISTS `importance` (
  `id` int(11) NOT NULL AUTO_INCREMENT,
  `name` varchar(45) DEFAULT NULL,
  PRIMARY KEY (`id`)
) ENGINE=InnoDB  DEFAULT CHARSET=utf8 AUTO_INCREMENT=2 ;

--
-- Dumping data for table `importance`
--

INSERT INTO `importance` (`id`, `name`) VALUES
(1, 'mohem');

-- --------------------------------------------------------

--
-- Table structure for table `lesson`
--

CREATE TABLE IF NOT EXISTS `lesson` (
  `id` int(11) NOT NULL AUTO_INCREMENT,
  `name` varchar(45) DEFAULT NULL,
  `description` varchar(45) DEFAULT NULL,
  `course_id` int(11) NOT NULL,
  PRIMARY KEY (`id`),
  KEY `fk_lesson_course1_idx` (`course_id`)
) ENGINE=InnoDB  DEFAULT CHARSET=utf8 AUTO_INCREMENT=13 ;

--
-- Dumping data for table `lesson`
--

INSERT INTO `lesson` (`id`, `name`, `description`, `course_id`) VALUES
(1, 'lesson', 'lesson', 1),
(2, 'asfasfasf', 'afasfasfasfasfasf', 3),
(3, 'zir dars', 'zir dars', 6),
(4, 'zir dars', 'zir dars', 7),
(5, 'zir dars', 'zir dars', 8),
(6, 'zir dars', 'zir dars', 9),
(7, 'zir dars', 'zir dars', 10),
(8, 'zir dars', 'zir dars', 11),
(9, 'zir dars', 'zir dars', 12),
(10, 'zir dars', 'zir dars', 13),
(11, 'zir dars', 'zir dars', 14),
(12, 'zir dars', 'zir dars', 15);

-- --------------------------------------------------------

--
-- Table structure for table `logs`
--

CREATE TABLE IF NOT EXISTS `logs` (
  `id` int(11) NOT NULL AUTO_INCREMENT,
  `date` timestamp NULL DEFAULT CURRENT_TIMESTAMP,
  `log_type_id` int(11) NOT NULL,
  `user_id` int(11) NOT NULL,
  PRIMARY KEY (`id`),
  KEY `fk_logs_log_type1_idx` (`log_type_id`),
  KEY `fk_logs_user1_idx` (`user_id`)
) ENGINE=InnoDB  DEFAULT CHARSET=utf8 AUTO_INCREMENT=859 ;

--
-- Dumping data for table `logs`
--

INSERT INTO `logs` (`id`, `date`, `log_type_id`, `user_id`) VALUES
(1, '2018-08-02 10:31:54', 1, 1),
(2, '2018-08-02 10:36:22', 1, 1),
(3, '2018-08-02 10:36:45', 1, 1),
(4, '2018-08-02 10:37:52', 1, 1),
(5, '2018-08-02 10:39:30', 1, 1),
(6, '2018-08-02 10:44:51', 1, 1),
(7, '2018-08-02 10:55:18', 1, 1),
(11, '2018-08-02 11:54:02', 1, 1),
(12, '2018-08-02 11:54:17', 1, 1),
(13, '2018-08-02 11:56:55', 1, 1),
(14, '2018-08-02 13:06:30', 1, 1),
(15, '2018-08-02 13:07:49', 1, 1),
(16, '2018-08-02 13:08:37', 1, 1),
(17, '2018-08-02 13:11:46', 1, 1),
(18, '2018-08-02 13:17:04', 1, 1),
(19, '2018-08-02 13:18:27', 1, 1),
(20, '2018-08-02 13:21:23', 1, 1),
(21, '2018-08-02 13:23:06', 1, 1),
(22, '2018-08-02 13:23:31', 1, 1),
(23, '2018-08-02 13:25:15', 1, 1),
(24, '2018-08-02 13:25:35', 1, 1),
(25, '2018-08-02 13:27:59', 1, 1),
(26, '2018-08-02 13:30:26', 1, 1),
(27, '2018-08-02 13:31:07', 1, 1),
(28, '2018-08-02 13:42:43', 1, 1),
(29, '2018-08-02 13:50:05', 1, 1),
(30, '2018-08-02 13:54:58', 1, 1),
(31, '2018-08-02 13:55:53', 1, 1),
(32, '2018-08-02 14:11:24', 1, 1),
(33, '2018-08-02 14:12:14', 1, 1),
(34, '2018-08-02 14:13:55', 1, 1),
(35, '2018-08-02 14:15:07', 1, 1),
(36, '2018-08-02 14:17:57', 1, 1),
(37, '2018-08-02 14:32:27', 1, 1),
(38, '2018-08-02 14:32:40', 1, 1),
(39, '2018-08-02 14:33:27', 1, 1),
(40, '2018-08-02 14:35:34', 1, 1),
(41, '2018-08-02 14:37:18', 1, 1),
(42, '2018-08-02 14:51:37', 1, 1),
(43, '2018-08-02 14:52:29', 1, 1),
(44, '2018-08-02 14:53:23', 1, 1),
(45, '2018-08-02 14:54:18', 1, 1),
(46, '2018-08-02 14:56:05', 1, 1),
(47, '2018-08-02 15:00:03', 1, 1),
(48, '2018-08-02 15:09:25', 1, 1),
(49, '2018-08-02 15:11:59', 1, 1),
(50, '2018-08-02 15:13:44', 1, 1),
(51, '2018-08-02 15:20:21', 1, 1),
(52, '2018-08-02 15:22:32', 1, 1),
(53, '2018-08-02 15:23:44', 1, 1),
(54, '2018-08-02 15:25:45', 1, 1),
(55, '2018-08-02 15:27:25', 1, 1),
(56, '2018-08-02 15:28:55', 1, 1),
(57, '2018-08-02 15:37:35', 1, 1),
(58, '2018-08-02 15:40:11', 1, 1),
(59, '2018-08-02 15:41:40', 1, 1),
(60, '2018-08-02 16:09:12', 1, 1),
(61, '2018-08-03 04:21:28', 1, 1),
(62, '2018-08-03 04:32:32', 1, 1),
(63, '2018-08-03 04:33:11', 1, 1),
(64, '2018-08-03 04:34:26', 1, 1),
(65, '2018-08-03 04:46:58', 1, 1),
(66, '2018-08-03 04:48:44', 1, 1),
(67, '2018-08-03 04:54:30', 1, 1),
(68, '2018-08-03 04:59:16', 1, 1),
(69, '2018-08-03 05:04:30', 1, 1),
(70, '2018-08-03 05:12:39', 1, 1),
(71, '2018-08-03 05:19:16', 1, 1),
(72, '2018-08-03 05:19:48', 1, 1),
(73, '2018-08-03 05:21:06', 1, 1),
(74, '2018-08-03 05:21:18', 1, 1),
(75, '2018-08-03 05:22:11', 1, 1),
(76, '2018-08-03 06:13:49', 1, 1),
(77, '2018-08-03 06:32:44', 1, 1),
(78, '2018-08-03 06:38:58', 1, 1),
(79, '2018-08-03 06:49:16', 1, 1),
(80, '2018-08-03 06:52:34', 1, 1),
(81, '2018-08-03 14:28:04', 1, 1),
(82, '2018-08-03 14:29:57', 1, 1),
(83, '2018-08-03 14:30:35', 1, 1),
(84, '2018-08-03 14:32:10', 1, 1),
(85, '2018-08-03 14:34:09', 1, 1),
(86, '2018-08-03 14:36:24', 1, 1),
(87, '2018-08-03 14:37:35', 1, 1),
(88, '2018-08-03 14:38:30', 1, 1),
(89, '2018-08-03 14:41:28', 1, 1),
(90, '2018-08-03 14:43:25', 1, 1),
(91, '2018-08-03 14:45:06', 1, 1),
(92, '2018-08-03 14:46:00', 1, 1),
(93, '2018-08-03 14:47:17', 1, 1),
(94, '2018-08-03 14:48:38', 1, 1),
(95, '2018-08-03 14:49:57', 1, 1),
(96, '2018-08-03 14:51:28', 1, 1),
(97, '2018-08-03 14:56:17', 1, 1),
(98, '2018-08-03 14:57:00', 1, 1),
(99, '2018-08-03 15:02:41', 1, 1),
(100, '2018-08-04 14:28:12', 1, 1),
(101, '2018-08-05 16:53:44', 1, 1),
(102, '2018-08-05 17:06:21', 1, 1),
(103, '2018-08-05 17:08:15', 1, 1),
(104, '2018-08-05 17:09:46', 1, 1),
(105, '2018-08-05 17:12:36', 1, 1),
(106, '2018-08-05 17:13:30', 1, 1),
(107, '2018-08-05 17:14:31', 1, 1),
(108, '2018-08-05 17:16:24', 1, 1),
(109, '2018-08-05 17:17:57', 1, 1),
(110, '2018-08-05 17:18:26', 1, 1),
(111, '2018-08-05 17:19:31', 1, 1),
(112, '2018-08-05 17:20:12', 1, 1),
(113, '2018-08-05 17:20:55', 1, 1),
(114, '2018-08-05 17:30:17', 1, 1),
(115, '2018-08-05 17:31:04', 1, 1),
(116, '2018-08-05 17:33:46', 1, 1),
(117, '2018-08-05 17:40:43', 1, 1),
(118, '2018-08-05 17:44:53', 1, 1),
(119, '2018-08-05 17:49:08', 1, 1),
(120, '2018-08-05 17:53:44', 1, 1),
(121, '2018-08-05 17:54:42', 1, 1),
(122, '2018-08-05 18:04:41', 1, 1),
(123, '2018-08-05 18:05:35', 1, 1),
(124, '2018-08-05 18:07:40', 1, 1),
(125, '2018-08-05 18:17:15', 1, 1),
(126, '2018-08-05 18:29:35', 1, 1),
(127, '2018-08-05 18:37:38', 1, 1),
(128, '2018-08-05 18:53:26', 1, 1),
(129, '2018-08-05 19:23:36', 1, 1),
(130, '2018-08-05 19:30:25', 1, 1),
(131, '2018-08-05 19:33:10', 1, 1),
(132, '2018-08-05 19:35:51', 1, 1),
(133, '2018-08-05 19:40:25', 1, 1),
(134, '2018-08-06 15:11:17', 1, 1),
(135, '2018-08-06 15:17:52', 1, 1),
(136, '2018-08-06 15:31:42', 1, 1),
(137, '2018-08-06 15:46:52', 1, 1),
(138, '2018-08-06 15:55:33', 1, 1),
(139, '2018-08-06 16:46:10', 1, 1),
(140, '2018-08-06 16:54:41', 1, 1),
(141, '2018-08-06 16:55:30', 1, 1),
(142, '2018-08-06 16:56:16', 1, 1),
(143, '2018-08-06 16:57:05', 1, 1),
(144, '2018-08-06 17:03:13', 1, 1),
(145, '2018-08-06 17:10:47', 1, 1),
(146, '2018-08-06 17:12:32', 1, 1),
(147, '2018-08-06 17:14:41', 1, 1),
(148, '2018-08-06 17:18:25', 1, 1),
(149, '2018-08-06 17:21:54', 1, 1),
(150, '2018-08-06 17:44:47', 1, 1),
(151, '2018-08-06 17:46:32', 1, 1),
(152, '2018-08-06 17:49:26', 1, 1),
(153, '2018-08-06 17:50:44', 1, 1),
(154, '2018-08-06 17:53:08', 1, 1),
(155, '2018-08-06 17:55:00', 1, 1),
(156, '2018-08-06 18:02:56', 1, 1),
(157, '2018-08-06 18:04:09', 1, 1),
(158, '2018-08-06 18:06:10', 1, 1),
(159, '2018-08-06 18:07:19', 1, 1),
(160, '2018-08-06 18:07:59', 1, 1),
(161, '2018-08-06 18:11:31', 1, 1),
(162, '2018-08-06 18:17:24', 1, 1),
(163, '2018-08-06 18:18:52', 1, 1),
(164, '2018-08-06 18:20:35', 1, 1),
(165, '2018-08-06 18:23:42', 1, 1),
(166, '2018-08-06 18:42:41', 1, 1),
(167, '2018-08-06 18:50:19', 1, 1),
(168, '2018-08-06 19:16:20', 1, 1),
(169, '2018-08-06 19:18:25', 1, 1),
(170, '2018-08-06 19:24:31', 1, 1),
(171, '2018-08-06 19:36:02', 1, 1),
(172, '2018-08-06 19:45:04', 1, 1),
(173, '2018-08-06 19:46:53', 1, 1),
(174, '2018-08-06 19:51:49', 1, 1),
(175, '2018-08-06 19:54:18', 1, 1),
(176, '2018-08-06 19:59:07', 1, 1),
(177, '2018-08-06 20:10:39', 1, 1),
(178, '2018-08-06 20:12:27', 1, 1),
(179, '2018-08-07 15:06:08', 1, 1),
(180, '2018-08-07 15:26:13', 1, 1),
(181, '2018-08-07 15:38:37', 1, 1),
(182, '2018-08-07 15:43:38', 1, 1),
(183, '2018-08-07 15:52:47', 1, 1),
(184, '2018-08-07 16:01:55', 1, 1),
(185, '2018-08-07 16:06:07', 1, 1),
(186, '2018-08-07 17:04:06', 1, 1),
(187, '2018-08-07 17:13:19', 1, 1),
(188, '2018-08-07 17:15:11', 1, 1),
(189, '2018-08-07 17:53:32', 1, 1),
(190, '2018-08-07 18:04:25', 1, 1),
(191, '2018-08-07 18:10:30', 1, 1),
(192, '2018-08-07 18:15:41', 1, 1),
(193, '2018-08-07 18:25:16', 1, 1),
(194, '2018-08-07 18:28:35', 1, 1),
(195, '2018-08-07 18:43:36', 1, 1),
(196, '2018-08-07 18:44:32', 1, 1),
(197, '2018-08-07 18:52:57', 1, 1),
(198, '2018-08-07 18:53:38', 1, 1),
(199, '2018-08-07 18:56:35', 1, 1),
(200, '2018-08-08 03:33:11', 1, 1),
(201, '2018-08-08 10:52:09', 1, 1),
(202, '2018-08-08 12:05:35', 1, 1),
(203, '2018-08-08 13:51:34', 1, 1),
(204, '2018-08-08 13:53:00', 1, 1),
(205, '2018-08-08 14:03:47', 1, 1),
(206, '2018-08-08 14:07:38', 1, 1),
(207, '2018-08-08 14:09:25', 1, 1),
(208, '2018-08-08 14:25:14', 1, 1),
(209, '2018-08-08 15:15:20', 1, 1),
(210, '2018-08-08 15:38:50', 1, 1),
(211, '2018-08-08 15:43:40', 1, 1),
(212, '2018-08-08 15:58:31', 1, 1),
(213, '2018-08-08 16:01:03', 1, 1),
(214, '2018-08-08 16:02:42', 1, 1),
(215, '2018-08-08 16:23:58', 1, 1),
(216, '2018-08-08 16:52:57', 1, 1),
(217, '2018-08-08 16:53:52', 1, 1),
(218, '2018-08-08 16:55:26', 1, 1),
(219, '2018-08-08 16:56:53', 1, 1),
(220, '2018-08-08 16:57:21', 1, 1),
(221, '2018-08-08 17:45:22', 1, 1),
(222, '2018-08-08 18:09:27', 1, 1),
(223, '2018-08-08 18:14:32', 1, 1),
(224, '2018-08-08 18:21:01', 1, 1),
(225, '2018-08-08 18:36:29', 1, 1),
(226, '2018-08-08 18:38:47', 1, 1),
(227, '2018-08-08 18:45:35', 1, 1),
(228, '2018-08-08 18:47:18', 1, 1),
(229, '2018-08-08 18:52:14', 1, 1),
(230, '2018-08-08 18:54:48', 1, 1),
(231, '2018-08-08 19:08:10', 1, 1),
(232, '2018-08-08 19:12:45', 1, 1),
(233, '2018-08-08 19:16:29', 1, 1),
(234, '2018-08-08 19:19:43', 1, 1),
(235, '2018-08-08 19:25:13', 1, 1),
(236, '2018-08-08 19:37:17', 1, 1),
(237, '2018-08-08 19:39:13', 1, 1),
(238, '2018-08-08 19:41:48', 1, 1),
(239, '2018-08-08 19:44:25', 1, 1),
(240, '2018-08-08 19:46:41', 1, 1),
(241, '2018-08-08 19:47:26', 1, 1),
(242, '2018-08-08 20:11:34', 1, 1),
(243, '2018-08-08 20:14:14', 1, 1),
(244, '2018-08-08 20:16:17', 1, 1),
(245, '2018-08-09 09:07:08', 1, 1),
(246, '2018-08-09 10:27:55', 1, 1),
(247, '2018-08-09 11:06:41', 1, 1),
(248, '2018-08-09 11:25:15', 1, 1),
(249, '2018-08-09 11:28:15', 1, 1),
(250, '2018-08-09 11:29:59', 1, 1),
(251, '2018-08-09 11:36:16', 1, 1),
(252, '2018-08-09 11:42:51', 1, 1),
(253, '2018-08-09 11:53:17', 1, 1),
(254, '2018-08-09 11:54:30', 1, 1),
(255, '2018-08-09 11:55:19', 1, 1),
(256, '2018-08-09 11:56:15', 1, 1),
(257, '2018-08-09 12:02:24', 1, 1),
(258, '2018-08-09 12:27:13', 1, 1),
(259, '2018-08-09 12:31:12', 1, 1),
(260, '2018-08-09 12:34:09', 1, 1),
(261, '2018-08-09 12:36:40', 1, 1),
(262, '2018-08-09 12:41:15', 1, 1),
(263, '2018-08-09 12:59:36', 1, 1),
(264, '2018-08-09 13:03:57', 1, 1),
(265, '2018-08-09 13:07:43', 1, 1),
(266, '2018-08-09 13:15:58', 1, 1),
(267, '2018-08-09 13:17:26', 1, 1),
(268, '2018-08-09 13:34:21', 1, 1),
(269, '2018-08-09 13:42:18', 1, 1),
(270, '2018-08-09 13:48:38', 1, 1),
(271, '2018-08-09 14:05:52', 1, 1),
(272, '2018-08-09 14:06:17', 1, 1),
(273, '2018-08-09 14:10:00', 1, 1),
(274, '2018-08-09 14:15:31', 1, 1),
(275, '2018-08-09 14:43:11', 1, 1),
(276, '2018-08-09 14:59:02', 1, 1),
(277, '2018-08-09 15:05:26', 1, 1),
(278, '2018-08-09 15:11:24', 1, 1),
(279, '2018-08-09 15:13:32', 1, 1),
(280, '2018-08-09 15:17:48', 1, 1),
(281, '2018-08-09 15:18:27', 1, 1),
(282, '2018-08-09 15:21:21', 1, 1),
(283, '2018-08-09 15:22:15', 1, 1),
(284, '2018-08-09 15:49:48', 1, 1),
(285, '2018-08-09 15:53:04', 1, 1),
(286, '2018-08-09 16:01:44', 1, 1),
(287, '2018-08-09 16:13:45', 1, 1),
(288, '2018-08-09 16:18:25', 1, 1),
(289, '2018-08-09 16:20:50', 1, 1),
(290, '2018-08-09 16:31:09', 1, 1),
(291, '2018-08-09 16:34:19', 1, 1),
(292, '2018-08-09 16:45:59', 1, 1),
(293, '2018-08-09 17:31:56', 1, 1),
(294, '2018-08-09 17:42:57', 1, 1),
(295, '2018-08-09 17:48:49', 1, 1),
(296, '2018-08-09 18:03:08', 1, 1),
(297, '2018-08-09 18:24:09', 1, 1),
(298, '2018-08-09 18:27:08', 1, 1),
(299, '2018-08-09 18:58:40', 1, 1),
(300, '2018-08-09 19:05:54', 1, 1),
(301, '2018-08-09 20:34:50', 1, 1),
(302, '2018-08-09 20:41:24', 1, 1),
(303, '2018-08-09 20:45:57', 1, 1),
(304, '2018-08-09 20:56:23', 1, 1),
(305, '2018-08-09 20:56:46', 1, 1),
(306, '2018-08-09 21:13:16', 1, 1),
(307, '2018-08-09 21:13:59', 1, 1),
(308, '2018-08-09 21:29:53', 1, 1),
(309, '2018-08-09 21:33:29', 1, 1),
(310, '2018-08-09 21:36:15', 1, 1),
(311, '2018-08-09 21:39:48', 1, 1),
(312, '2018-08-09 21:41:25', 1, 1),
(313, '2018-08-09 21:42:58', 1, 1),
(314, '2018-08-09 21:48:03', 1, 1),
(315, '2018-08-09 21:52:18', 1, 1),
(316, '2018-08-09 21:54:22', 1, 1),
(317, '2018-08-09 21:55:08', 1, 1),
(318, '2018-08-09 22:05:20', 1, 1),
(319, '2018-08-09 22:08:12', 1, 1),
(320, '2018-08-09 22:10:22', 1, 1),
(321, '2018-08-09 22:11:56', 1, 1),
(322, '2018-08-09 22:14:27', 1, 1),
(323, '2018-08-09 22:17:08', 1, 1),
(324, '2018-08-09 22:19:08', 1, 1),
(325, '2018-08-09 22:24:45', 1, 1),
(326, '2018-08-09 22:27:03', 1, 1),
(327, '2018-08-09 22:29:01', 1, 1),
(328, '2018-08-09 22:39:22', 1, 1),
(329, '2018-08-09 22:51:15', 1, 1),
(330, '2018-08-09 22:56:41', 1, 1),
(331, '2018-08-10 06:39:27', 1, 1),
(332, '2018-08-10 06:47:24', 1, 1),
(333, '2018-08-10 07:01:54', 1, 1),
(334, '2018-08-10 07:03:58', 1, 1),
(335, '2018-08-10 07:11:48', 1, 1),
(336, '2018-08-10 07:13:34', 1, 1),
(337, '2018-08-10 07:19:47', 1, 1),
(338, '2018-08-10 07:25:12', 1, 1),
(339, '2018-08-10 07:30:09', 1, 1),
(340, '2018-08-10 07:56:03', 1, 1),
(341, '2018-08-10 07:56:26', 1, 1),
(342, '2018-08-10 07:59:10', 1, 1),
(343, '2018-08-10 08:06:13', 1, 1),
(344, '2018-08-10 08:07:14', 1, 1),
(345, '2018-08-10 08:11:05', 1, 1),
(346, '2018-08-10 08:13:21', 1, 1),
(347, '2018-08-10 08:15:37', 1, 1),
(348, '2018-08-10 08:18:03', 1, 1),
(349, '2018-08-10 08:18:52', 1, 1),
(350, '2018-08-10 08:25:48', 1, 1),
(351, '2018-08-10 08:28:09', 1, 1),
(352, '2018-08-10 08:41:00', 1, 1),
(353, '2018-08-10 08:41:45', 1, 1),
(354, '2018-08-10 08:42:18', 1, 1),
(355, '2018-08-10 09:01:21', 2, 1),
(356, '2018-08-10 10:15:51', 1, 1),
(357, '2018-08-10 10:21:23', 1, 1),
(358, '2018-08-10 10:26:13', 1, 1),
(359, '2018-08-10 10:32:07', 1, 1),
(360, '2018-08-10 10:33:36', 1, 1),
(361, '2018-08-10 10:34:36', 1, 1),
(362, '2018-08-10 10:35:20', 1, 1),
(363, '2018-08-10 11:11:41', 1, 1),
(364, '2018-08-10 11:57:55', 1, 1),
(365, '2018-08-10 12:41:42', 1, 1),
(366, '2018-08-10 13:06:02', 1, 1),
(367, '2018-08-10 13:13:58', 1, 1),
(368, '2018-08-10 13:19:30', 1, 1),
(369, '2018-08-10 13:41:47', 1, 1),
(370, '2018-08-10 14:18:23', 1, 1),
(371, '2018-08-10 14:28:23', 1, 1),
(372, '2018-08-10 15:23:32', 1, 1),
(373, '2018-08-10 15:42:19', 1, 1),
(374, '2018-08-10 16:06:03', 1, 1),
(375, '2018-08-10 16:24:57', 1, 1),
(376, '2018-08-10 16:36:39', 1, 1),
(377, '2018-08-10 16:47:38', 1, 1),
(378, '2018-08-10 16:59:07', 1, 1),
(379, '2018-08-10 17:03:26', 1, 1),
(380, '2018-08-10 17:12:11', 1, 1),
(381, '2018-08-10 17:20:23', 1, 1),
(382, '2018-08-10 17:27:09', 1, 1),
(383, '2018-08-10 18:07:05', 1, 1),
(384, '2018-08-10 18:14:40', 1, 1),
(385, '2018-08-10 18:17:34', 1, 1),
(386, '2018-08-10 18:20:07', 1, 1),
(387, '2018-08-10 18:20:44', 1, 1),
(388, '2018-08-10 18:26:28', 1, 1),
(389, '2018-08-10 18:29:20', 1, 1),
(390, '2018-08-10 18:32:50', 1, 1),
(391, '2018-08-10 18:37:02', 1, 1),
(392, '2018-08-10 18:39:48', 1, 1),
(393, '2018-08-10 18:42:19', 1, 1),
(394, '2018-08-10 18:45:47', 1, 1),
(395, '2018-08-10 18:48:43', 1, 1),
(396, '2018-08-10 18:52:42', 1, 1),
(397, '2018-08-11 09:07:42', 1, 1),
(398, '2018-08-11 09:11:34', 1, 1),
(399, '2018-08-11 09:21:47', 1, 1),
(400, '2018-08-11 09:35:36', 1, 1),
(401, '2018-08-11 09:51:00', 1, 1),
(402, '2018-08-11 09:53:49', 1, 1),
(403, '2018-08-11 09:55:10', 1, 1),
(404, '2018-08-11 15:55:36', 1, 1),
(405, '2018-08-11 16:02:01', 1, 1),
(406, '2018-08-11 16:03:35', 1, 1),
(407, '2018-08-11 16:07:29', 1, 1),
(408, '2018-08-11 16:23:55', 1, 1),
(409, '2018-08-11 18:53:54', 1, 1),
(410, '2018-08-11 19:21:53', 1, 1),
(411, '2018-08-11 19:23:13', 1, 1),
(412, '2018-08-12 16:41:16', 1, 1),
(413, '2018-08-12 16:46:35', 1, 1),
(414, '2018-08-12 16:51:57', 1, 1),
(415, '2018-08-12 17:00:50', 1, 1),
(416, '2018-08-12 17:07:12', 1, 1),
(417, '2018-08-12 17:24:44', 1, 1),
(418, '2018-08-12 17:30:57', 1, 1),
(419, '2018-08-12 17:38:38', 1, 1),
(420, '2018-08-12 18:09:17', 1, 1),
(421, '2018-08-12 18:15:19', 1, 1),
(422, '2018-08-13 13:33:27', 1, 1),
(423, '2018-08-13 15:18:32', 1, 1),
(424, '2018-08-13 15:25:15', 1, 1),
(425, '2018-08-13 15:28:18', 1, 1),
(426, '2018-08-13 16:49:11', 1, 1),
(427, '2018-08-13 16:53:13', 1, 1),
(428, '2018-08-13 17:10:00', 1, 1),
(429, '2018-08-13 17:13:23', 1, 1),
(430, '2018-08-13 17:20:11', 1, 1),
(431, '2018-08-13 17:31:03', 1, 1),
(432, '2018-08-13 17:37:02', 1, 1),
(433, '2018-08-13 17:41:11', 1, 1),
(434, '2018-08-13 17:45:43', 1, 1),
(435, '2018-08-13 17:46:50', 1, 1),
(436, '2018-08-13 17:48:09', 1, 1),
(437, '2018-08-13 17:49:00', 1, 1),
(438, '2018-08-13 17:49:28', 1, 1),
(439, '2018-08-13 17:49:58', 1, 1),
(440, '2018-08-13 17:50:50', 1, 1),
(441, '2018-08-13 17:52:52', 1, 1),
(442, '2018-08-13 17:55:07', 1, 1),
(443, '2018-08-13 17:56:15', 1, 1),
(444, '2018-08-13 17:57:12', 1, 1),
(445, '2018-08-13 18:01:20', 1, 1),
(446, '2018-08-13 18:02:44', 1, 1),
(447, '2018-08-13 18:10:02', 1, 1),
(448, '2018-08-13 18:12:03', 1, 1),
(449, '2018-08-13 18:14:30', 1, 1),
(450, '2018-08-13 18:24:20', 1, 1),
(451, '2018-08-13 18:45:43', 1, 1),
(452, '2018-08-13 18:51:58', 1, 1),
(453, '2018-08-13 18:54:47', 1, 1),
(454, '2018-08-13 19:03:32', 1, 1),
(455, '2018-08-13 19:04:48', 1, 1),
(456, '2018-08-13 19:07:42', 1, 1),
(457, '2018-08-13 19:09:31', 1, 1),
(458, '2018-08-13 19:14:46', 1, 1),
(459, '2018-08-13 19:16:06', 1, 1),
(460, '2018-08-13 19:21:12', 1, 1),
(461, '2018-08-13 19:22:45', 1, 1),
(462, '2018-08-13 19:31:55', 1, 1),
(463, '2018-08-13 19:34:03', 1, 1),
(464, '2018-08-13 19:36:39', 1, 1),
(465, '2018-08-13 19:38:24', 1, 1),
(466, '2018-08-13 19:41:04', 1, 1),
(467, '2018-08-13 19:59:45', 1, 1),
(468, '2018-08-13 20:05:01', 1, 1),
(469, '2018-08-14 13:16:51', 1, 1),
(470, '2018-08-14 15:59:08', 1, 1),
(471, '2018-08-14 16:06:36', 1, 1),
(472, '2018-08-14 16:08:07', 1, 1),
(473, '2018-08-14 16:09:40', 1, 1),
(474, '2018-08-14 16:11:20', 1, 1),
(475, '2018-08-14 16:12:54', 1, 1),
(476, '2018-08-14 16:15:28', 1, 1),
(477, '2018-08-14 16:16:44', 1, 1),
(478, '2018-08-14 16:17:52', 1, 1),
(479, '2018-08-14 16:18:42', 1, 1),
(480, '2018-08-14 16:20:42', 1, 1),
(481, '2018-08-14 16:21:51', 1, 1),
(482, '2018-08-14 16:24:51', 1, 1),
(483, '2018-08-14 16:26:49', 1, 1),
(484, '2018-08-14 16:28:39', 1, 1),
(485, '2018-08-14 16:31:22', 1, 1),
(486, '2018-08-14 16:33:54', 1, 1),
(487, '2018-08-14 16:38:02', 1, 1),
(488, '2018-08-14 16:46:34', 1, 1),
(489, '2018-08-14 16:57:34', 1, 1),
(490, '2018-08-14 17:00:14', 1, 1),
(491, '2018-08-14 17:01:34', 1, 1),
(492, '2018-08-14 17:04:42', 1, 1),
(493, '2018-08-14 17:06:43', 1, 1),
(494, '2018-08-14 17:10:06', 1, 1),
(495, '2018-08-14 17:13:31', 1, 1),
(496, '2018-08-14 17:23:06', 1, 1),
(497, '2018-08-14 17:32:09', 1, 1),
(498, '2018-08-14 18:19:10', 1, 1),
(499, '2018-08-14 18:23:33', 1, 1),
(500, '2018-08-14 18:23:34', 1, 1),
(501, '2018-08-15 13:49:43', 1, 1),
(502, '2018-08-15 13:53:41', 1, 1),
(503, '2018-08-15 13:54:11', 1, 1),
(504, '2018-08-15 13:54:43', 1, 1),
(505, '2018-08-15 13:59:37', 1, 1),
(506, '2018-08-15 14:08:36', 1, 1),
(507, '2018-08-15 17:09:01', 1, 1),
(508, '2018-08-15 17:13:39', 1, 1),
(509, '2018-08-15 17:39:12', 1, 1),
(510, '2018-08-15 17:47:22', 1, 1),
(511, '2018-08-15 17:48:08', 1, 1),
(512, '2018-08-15 17:53:50', 1, 1),
(513, '2018-08-15 17:54:30', 1, 1),
(514, '2018-08-15 17:57:51', 1, 1),
(515, '2018-08-15 18:03:43', 1, 1),
(516, '2018-08-15 18:05:33', 1, 1),
(517, '2018-08-16 04:21:40', 1, 1),
(518, '2018-08-16 04:59:35', 1, 1),
(519, '2018-08-16 05:01:25', 1, 1),
(520, '2018-08-16 05:02:57', 1, 1),
(521, '2018-08-16 05:05:17', 1, 1),
(522, '2018-08-16 05:07:37', 1, 1),
(523, '2018-08-16 05:10:15', 1, 1),
(524, '2018-08-16 05:13:36', 1, 1),
(525, '2018-08-16 05:15:53', 1, 1),
(526, '2018-08-16 05:18:57', 1, 1),
(527, '2018-08-16 05:22:14', 1, 1),
(528, '2018-08-16 12:34:32', 1, 1),
(529, '2018-08-16 13:12:53', 1, 1),
(530, '2018-08-16 13:22:29', 1, 1),
(531, '2018-08-16 13:24:39', 1, 1),
(532, '2018-08-16 13:25:24', 1, 1),
(533, '2018-08-16 14:17:38', 1, 1),
(534, '2018-08-17 00:59:46', 1, 1),
(535, '2018-08-17 01:14:59', 1, 1),
(536, '2018-08-17 01:24:15', 1, 1),
(537, '2018-08-17 01:26:41', 1, 1),
(538, '2018-08-17 01:31:20', 1, 1),
(539, '2018-08-17 01:33:20', 1, 1),
(540, '2018-08-17 01:34:38', 1, 1),
(541, '2018-08-17 02:31:19', 1, 1),
(542, '2018-08-17 02:39:51', 1, 1),
(543, '2018-08-17 02:56:24', 1, 1),
(544, '2018-08-17 06:56:51', 1, 1),
(545, '2018-08-17 07:08:20', 1, 1),
(546, '2018-08-17 07:22:39', 1, 1),
(547, '2018-08-17 07:23:57', 1, 1),
(548, '2018-08-17 07:25:40', 1, 1),
(549, '2018-08-17 07:34:22', 1, 1),
(550, '2018-08-17 07:37:32', 1, 1),
(551, '2018-08-17 07:38:16', 1, 1),
(552, '2018-08-17 07:43:35', 1, 1),
(553, '2018-08-17 07:47:17', 1, 1),
(554, '2018-08-17 07:55:56', 1, 1),
(555, '2018-08-17 08:04:07', 1, 1),
(556, '2018-08-17 08:05:42', 1, 1),
(557, '2018-08-17 08:06:13', 1, 1),
(558, '2018-08-17 08:34:05', 1, 1),
(559, '2018-08-17 08:43:19', 1, 1),
(560, '2018-08-17 08:46:05', 1, 1),
(561, '2018-08-17 08:52:35', 1, 1),
(562, '2018-08-17 09:11:35', 1, 1),
(563, '2018-08-17 09:19:34', 1, 1),
(564, '2018-08-17 09:26:11', 1, 1),
(565, '2018-08-17 09:27:39', 1, 1),
(566, '2018-08-17 14:22:44', 1, 1),
(567, '2018-08-17 18:35:12', 1, 1),
(568, '2018-08-17 18:37:38', 1, 1),
(569, '2018-08-17 18:38:00', 1, 1),
(570, '2018-08-17 18:43:23', 1, 1),
(571, '2018-08-17 18:46:52', 1, 1),
(572, '2018-08-17 19:00:41', 1, 1),
(573, '2018-08-17 19:04:40', 1, 6),
(574, '2018-08-17 19:11:35', 1, 1),
(575, '2018-08-17 19:12:30', 1, 6),
(576, '2018-08-17 19:16:32', 1, 1),
(577, '2018-08-17 19:17:02', 1, 1),
(578, '2018-08-17 19:17:29', 1, 1),
(579, '2018-08-17 19:18:08', 1, 1),
(580, '2018-08-17 19:18:37', 1, 1),
(581, '2018-08-17 19:19:00', 1, 6),
(582, '2018-08-17 19:22:29', 1, 1),
(583, '2018-08-17 19:22:39', 1, 6),
(584, '2018-08-17 19:24:53', 1, 6),
(585, '2018-08-17 19:26:51', 1, 6),
(586, '2018-08-17 19:31:29', 1, 1),
(587, '2018-08-17 19:31:43', 1, 6),
(588, '2018-08-17 19:33:35', 1, 6),
(589, '2018-08-17 19:38:03', 1, 1),
(590, '2018-08-17 19:38:13', 1, 6),
(591, '2018-08-17 19:40:36', 1, 6),
(592, '2018-08-17 19:47:44', 1, 6),
(593, '2018-08-17 19:50:38', 1, 6),
(594, '2018-08-17 19:52:10', 1, 6),
(595, '2018-08-17 19:54:06', 1, 6),
(596, '2018-08-17 19:58:06', 1, 6),
(597, '2018-08-18 09:46:07', 1, 1),
(598, '2018-08-18 09:46:31', 1, 6),
(599, '2018-08-18 13:55:41', 1, 1),
(600, '2018-08-18 13:58:01', 1, 1),
(601, '2018-08-18 14:01:28', 1, 1),
(602, '2018-08-18 14:04:10', 1, 1),
(603, '2018-08-18 14:12:38', 1, 1),
(604, '2018-08-18 14:21:19', 1, 1),
(605, '2018-08-18 14:26:39', 1, 1),
(606, '2018-08-18 14:30:27', 1, 1),
(607, '2018-08-18 14:32:09', 1, 1),
(608, '2018-08-18 14:34:49', 1, 1),
(609, '2018-08-18 14:48:44', 1, 1),
(610, '2018-08-18 16:53:51', 1, 1),
(611, '2018-08-18 17:00:03', 1, 1),
(612, '2018-08-18 17:49:34', 1, 1),
(613, '2018-08-18 17:51:37', 1, 1),
(614, '2018-08-19 14:10:32', 1, 1),
(615, '2018-08-19 14:19:38', 1, 1),
(616, '2018-08-19 14:20:54', 1, 1),
(617, '2018-08-19 14:23:44', 1, 1),
(618, '2018-08-19 14:25:11', 1, 1),
(619, '2018-08-19 17:55:11', 1, 1),
(620, '2018-08-19 18:09:50', 1, 1),
(621, '2018-08-19 18:13:13', 1, 1),
(622, '2018-08-20 13:47:19', 1, 1),
(623, '2018-08-20 13:48:51', 1, 1),
(624, '2018-08-20 14:08:12', 1, 1),
(625, '2018-08-20 14:51:24', 1, 1),
(626, '2018-08-20 15:26:14', 1, 1),
(627, '2018-08-20 15:28:10', 1, 1),
(628, '2018-08-20 15:30:44', 1, 1),
(629, '2018-08-20 15:43:13', 1, 1),
(630, '2018-08-20 15:47:19', 1, 1),
(631, '2018-08-20 15:51:38', 1, 1),
(632, '2018-08-20 15:55:57', 1, 1),
(633, '2018-08-20 16:00:23', 1, 1),
(634, '2018-08-20 16:04:43', 1, 1),
(635, '2018-08-20 16:14:27', 1, 1),
(636, '2018-08-20 17:05:47', 1, 1),
(637, '2018-08-20 17:26:54', 1, 1),
(638, '2018-08-20 17:31:55', 1, 1),
(639, '2018-08-20 17:41:16', 1, 1),
(640, '2018-08-20 17:43:09', 1, 1),
(641, '2018-08-20 17:48:55', 1, 1),
(642, '2018-08-20 17:50:37', 1, 1),
(643, '2018-08-20 17:51:28', 1, 1),
(644, '2018-08-20 17:51:52', 1, 1),
(645, '2018-08-20 17:52:38', 1, 1),
(646, '2018-08-20 17:53:38', 1, 1),
(647, '2018-08-20 17:57:58', 1, 1),
(648, '2018-08-20 18:01:28', 1, 1),
(649, '2018-08-21 14:04:59', 1, 1),
(650, '2018-08-21 15:03:56', 1, 1),
(651, '2018-08-21 15:20:44', 1, 1),
(652, '2018-08-21 15:22:49', 1, 1),
(653, '2018-08-21 15:24:57', 1, 1),
(654, '2018-08-21 15:29:29', 1, 1),
(655, '2018-08-21 15:37:03', 1, 1),
(656, '2018-08-21 15:49:59', 1, 1),
(657, '2018-08-21 15:52:56', 1, 1),
(658, '2018-08-21 15:54:24', 1, 1),
(659, '2018-08-21 15:55:26', 1, 1),
(660, '2018-08-21 15:57:56', 1, 1),
(661, '2018-08-21 16:01:41', 1, 1),
(662, '2018-08-21 16:04:30', 1, 1),
(663, '2018-08-21 16:16:50', 1, 1),
(664, '2018-08-21 16:18:27', 1, 1),
(665, '2018-08-21 16:19:54', 1, 1),
(666, '2018-08-21 16:26:07', 1, 1),
(667, '2018-08-21 16:28:39', 1, 1),
(668, '2018-08-21 16:30:57', 1, 1),
(669, '2018-08-21 16:34:11', 1, 1),
(670, '2018-08-21 16:35:52', 1, 1),
(671, '2018-08-21 16:38:13', 1, 1),
(672, '2018-08-21 16:40:16', 1, 1),
(673, '2018-08-21 16:42:14', 1, 1),
(674, '2018-08-21 16:43:46', 1, 1),
(675, '2018-08-21 16:48:13', 1, 1),
(676, '2018-08-21 17:05:16', 1, 1),
(677, '2018-08-21 17:16:54', 1, 1),
(678, '2018-08-21 17:20:43', 1, 1),
(679, '2018-08-21 17:23:22', 1, 1),
(680, '2018-08-21 17:24:54', 1, 1),
(681, '2018-08-21 17:28:47', 1, 1),
(682, '2018-08-21 17:30:25', 1, 1),
(683, '2018-08-21 17:31:41', 1, 1),
(684, '2018-08-21 17:36:53', 1, 1),
(685, '2018-08-21 17:38:07', 1, 1),
(686, '2018-08-21 17:39:31', 1, 1),
(687, '2018-08-21 17:41:48', 1, 1),
(688, '2018-08-21 17:44:13', 1, 1),
(689, '2018-08-21 17:49:16', 1, 1),
(690, '2018-08-21 17:52:40', 1, 1),
(691, '2018-08-21 17:55:51', 1, 1),
(692, '2018-08-21 17:59:54', 1, 1),
(693, '2018-08-22 14:11:48', 1, 1),
(694, '2018-08-22 14:17:51', 1, 1),
(695, '2018-08-23 05:24:00', 1, 1),
(696, '2018-08-30 06:39:52', 1, 1),
(697, '2018-08-30 08:35:59', 1, 1),
(698, '2018-09-01 05:22:52', 1, 1),
(699, '2018-09-07 07:31:12', 1, 1),
(700, '2018-09-07 09:41:16', 1, 1),
(701, '2018-09-07 09:44:38', 1, 8),
(702, '2018-09-07 09:49:12', 1, 1),
(703, '2018-09-07 09:52:20', 1, 1),
(704, '2018-09-07 09:52:32', 1, 8),
(705, '2018-09-07 09:56:01', 1, 1),
(706, '2018-09-07 09:57:19', 1, 8),
(707, '2018-09-07 09:57:36', 1, 1),
(708, '2018-09-07 09:58:13', 1, 8),
(709, '2018-09-07 11:00:45', 1, 1),
(710, '2018-09-07 11:01:00', 1, 8),
(711, '2018-09-07 11:03:29', 1, 1),
(712, '2018-09-07 11:10:10', 1, 1),
(713, '2018-09-07 11:14:35', 1, 8),
(714, '2018-09-07 11:15:24', 1, 1),
(715, '2018-09-07 11:16:48', 1, 8),
(716, '2018-09-07 11:32:54', 1, 8),
(717, '2018-09-07 11:34:12', 1, 1),
(718, '2018-09-07 11:54:27', 1, 1),
(719, '2018-09-07 11:56:01', 1, 1),
(720, '2018-09-07 11:57:18', 1, 1),
(721, '2018-09-07 12:45:50', 1, 1),
(722, '2018-09-07 12:46:15', 1, 8),
(723, '2018-09-07 12:46:47', 1, 1),
(724, '2018-09-07 13:37:39', 1, 1),
(725, '2018-09-07 13:38:18', 1, 8),
(726, '2018-09-07 13:40:14', 1, 1),
(727, '2018-09-07 13:48:40', 1, 1),
(728, '2018-09-13 15:28:55', 1, 1),
(729, '2018-09-13 15:58:47', 1, 1),
(730, '2018-09-13 15:59:13', 1, 8),
(731, '2018-09-13 16:11:27', 1, 1),
(732, '2018-09-13 16:15:40', 1, 1),
(733, '2018-09-13 16:20:41', 1, 1),
(734, '2018-09-13 16:25:06', 1, 1),
(735, '2018-09-13 17:09:31', 1, 1),
(736, '2018-09-13 17:17:44', 1, 1),
(737, '2018-09-13 17:21:18', 1, 1),
(738, '2018-09-13 17:22:14', 1, 1),
(739, '2018-09-13 17:23:33', 1, 1),
(740, '2018-09-13 17:25:22', 1, 1),
(741, '2018-09-13 17:30:38', 1, 1),
(742, '2018-09-13 18:09:29', 1, 1),
(743, '2018-09-13 18:15:20', 1, 1),
(744, '2018-09-13 18:24:23', 1, 1),
(745, '2018-09-13 18:34:10', 1, 1),
(746, '2018-09-13 18:35:08', 1, 1),
(747, '2018-09-13 18:38:31', 1, 1),
(748, '2018-09-13 18:40:42', 1, 1),
(749, '2018-09-14 05:11:20', 1, 1),
(750, '2018-09-14 05:14:48', 1, 1),
(751, '2018-09-14 05:18:56', 1, 1),
(752, '2018-09-14 05:22:10', 1, 1),
(753, '2018-09-14 05:24:26', 1, 1),
(754, '2018-09-14 05:27:01', 1, 1),
(755, '2018-09-14 05:40:14', 1, 1),
(756, '2018-09-14 05:41:09', 1, 1),
(757, '2018-09-14 05:44:08', 1, 1),
(758, '2018-09-14 05:47:19', 1, 1),
(759, '2018-09-14 06:11:27', 1, 1),
(760, '2018-09-14 06:13:49', 1, 1),
(761, '2018-09-14 06:15:16', 1, 1),
(762, '2018-09-14 07:47:48', 1, 1),
(763, '2018-09-14 07:51:44', 1, 1),
(764, '2018-09-14 07:52:57', 1, 1),
(765, '2018-09-14 07:58:52', 1, 1),
(766, '2018-09-14 08:00:09', 1, 1),
(767, '2018-09-14 08:06:12', 1, 1),
(768, '2018-09-14 08:12:18', 1, 1),
(769, '2018-09-14 08:12:18', 1, 1),
(770, '2018-09-14 08:21:29', 1, 1),
(771, '2018-09-14 08:24:45', 1, 1),
(772, '2018-09-14 08:25:30', 1, 1),
(773, '2018-09-14 08:27:16', 1, 1),
(774, '2018-09-14 08:28:58', 1, 1),
(775, '2018-09-14 08:29:58', 1, 1),
(776, '2018-09-14 08:31:51', 1, 1),
(777, '2018-09-14 08:33:49', 1, 1),
(778, '2018-09-14 09:06:15', 1, 1),
(779, '2018-09-14 09:07:08', 1, 1),
(780, '2018-09-14 09:12:50', 1, 1),
(781, '2018-09-14 09:20:18', 1, 1),
(782, '2018-09-14 09:23:22', 1, 1),
(783, '2018-09-14 09:27:39', 1, 1),
(784, '2018-09-14 09:28:52', 1, 1),
(785, '2018-09-14 09:32:53', 1, 1),
(786, '2018-09-14 09:34:37', 1, 1),
(787, '2018-09-14 09:42:22', 1, 1),
(788, '2018-09-14 10:12:37', 1, 1),
(789, '2018-09-14 10:15:50', 1, 1),
(790, '2018-09-14 10:20:42', 1, 1),
(791, '2018-09-14 10:24:09', 1, 1),
(792, '2018-09-14 10:28:57', 1, 1),
(793, '2018-09-14 10:44:47', 1, 1),
(794, '2018-09-14 10:53:14', 1, 1),
(795, '2018-09-14 10:56:17', 1, 1),
(796, '2018-09-14 10:58:04', 1, 1),
(797, '2018-09-14 10:58:35', 1, 1),
(798, '2018-09-14 11:00:01', 1, 1),
(799, '2018-09-14 11:04:26', 1, 1),
(800, '2018-09-14 11:10:32', 1, 1),
(801, '2018-09-14 11:11:29', 1, 1),
(802, '2018-09-14 13:01:32', 1, 1),
(803, '2018-09-14 13:04:54', 1, 1),
(804, '2018-09-14 13:28:09', 1, 1),
(805, '2018-09-14 14:22:52', 1, 1),
(806, '2018-09-14 14:25:36', 1, 1),
(807, '2018-09-14 14:28:18', 1, 1),
(808, '2018-09-14 14:38:59', 1, 1),
(809, '2018-09-14 14:48:28', 1, 1),
(810, '2018-09-14 14:52:58', 1, 1),
(811, '2018-09-14 15:01:51', 1, 1),
(812, '2018-09-14 17:29:59', 1, 1),
(813, '2018-09-14 18:02:07', 1, 1),
(814, '2018-09-28 09:34:50', 1, 1),
(815, '2018-10-12 05:29:14', 1, 1),
(816, '2018-10-12 05:34:22', 1, 1),
(817, '2018-10-12 06:25:15', 1, 1),
(818, '2018-10-22 15:32:19', 1, 1),
(819, '2018-10-22 16:06:20', 1, 1),
(820, '2018-10-22 16:14:22', 1, 1),
(821, '2018-10-22 16:16:19', 1, 1),
(822, '2018-10-22 16:43:52', 1, 1),
(823, '2018-10-22 19:03:29', 1, 1),
(824, '2018-10-22 19:07:02', 1, 1),
(825, '2018-10-22 19:18:35', 1, 1),
(826, '2018-10-22 19:20:13', 1, 1),
(827, '2018-10-22 19:28:32', 1, 1),
(828, '2018-10-22 19:32:50', 1, 1),
(829, '2018-10-23 14:32:25', 1, 1),
(830, '2018-10-23 14:58:29', 1, 1),
(831, '2018-10-23 15:06:24', 1, 1),
(832, '2018-10-23 15:11:11', 1, 1),
(833, '2018-10-23 15:15:07', 1, 1),
(834, '2018-10-23 15:17:32', 1, 1),
(835, '2018-10-24 16:20:04', 1, 1),
(836, '2018-10-24 16:22:39', 1, 1),
(837, '2018-10-24 16:43:40', 1, 1),
(838, '2018-10-24 16:45:46', 1, 1),
(839, '2018-10-24 16:47:15', 1, 1),
(840, '2018-10-24 16:53:45', 1, 1),
(841, '2018-10-24 17:01:04', 1, 1),
(842, '2018-10-24 19:17:36', 1, 1),
(843, '2018-10-24 19:20:33', 1, 1),
(844, '2018-10-24 19:22:15', 1, 1),
(845, '2018-10-24 19:23:50', 1, 1),
(846, '2018-10-24 19:31:42', 1, 1),
(847, '2018-10-24 19:37:10', 1, 6),
(848, '2018-10-24 19:37:53', 1, 8),
(849, '2018-10-24 19:38:12', 1, 8),
(850, '2018-10-25 08:00:52', 1, 1),
(851, '2018-10-25 08:01:55', 1, 8),
(852, '2018-10-25 08:03:21', 1, 8),
(853, '2018-10-25 08:06:30', 1, 1),
(854, '2018-10-25 11:20:11', 1, 1),
(855, '2018-10-25 11:29:45', 1, 1),
(856, '2018-10-25 11:30:17', 1, 8),
(857, '2018-10-25 11:37:59', 1, 1),
(858, '2018-10-25 11:39:55', 1, 1);

-- --------------------------------------------------------

--
-- Table structure for table `log_type`
--

CREATE TABLE IF NOT EXISTS `log_type` (
  `id` int(11) NOT NULL AUTO_INCREMENT,
  `name` varchar(200) DEFAULT NULL,
  PRIMARY KEY (`id`)
) ENGINE=InnoDB  DEFAULT CHARSET=utf8 AUTO_INCREMENT=3 ;

--
-- Dumping data for table `log_type`
--

INSERT INTO `log_type` (`id`, `name`) VALUES
(1, 'sdgsdgsdg'),
(2, 'test 2');

-- --------------------------------------------------------

--
-- Table structure for table `media`
--

CREATE TABLE IF NOT EXISTS `media` (
  `id` int(11) NOT NULL AUTO_INCREMENT,
  `name` varchar(45) DEFAULT NULL,
  `description` varchar(500) DEFAULT NULL,
  `date` timestamp NULL DEFAULT CURRENT_TIMESTAMP,
  `media_type_id` int(11) NOT NULL,
  `chapter_id` int(11) NOT NULL,
  `global_status_id` int(11) NOT NULL,
  `user_id` int(11) NOT NULL,
  PRIMARY KEY (`id`),
  KEY `fk_media_media_type1_idx` (`media_type_id`),
  KEY `fk_media_chapter1_idx` (`chapter_id`),
  KEY `fk_media_global_status1_idx` (`global_status_id`),
  KEY `fk_media_user1_idx` (`user_id`)
) ENGINE=InnoDB  DEFAULT CHARSET=utf8 AUTO_INCREMENT=6 ;

--
-- Dumping data for table `media`
--

INSERT INTO `media` (`id`, `name`, `description`, `date`, `media_type_id`, `chapter_id`, `global_status_id`, `user_id`) VALUES
(2, 'name', 'desc', '2018-08-06 15:43:56', 1, 1, 1, 1),
(3, 'rrrrrr', 'rrrrytruererueru', '2018-08-06 19:19:13', 2, 1, 1, 1),
(4, 'gfngf', 'jgfjfgjfgjgfj', '2018-08-08 14:09:37', 1, 1, 1, 1),
(5, 'jkjjjjjjjjjjjjjjjjj', 'jjjjjjjjjj', '2018-08-09 22:53:53', 2, 1, 1, 1);

-- --------------------------------------------------------

--
-- Table structure for table `media_type`
--

CREATE TABLE IF NOT EXISTS `media_type` (
  `id` int(11) NOT NULL AUTO_INCREMENT,
  `name` varchar(45) DEFAULT NULL,
  `type` varchar(45) NOT NULL,
  PRIMARY KEY (`id`)
) ENGINE=InnoDB  DEFAULT CHARSET=utf8 AUTO_INCREMENT=3 ;

--
-- Dumping data for table `media_type`
--

INSERT INTO `media_type` (`id`, `name`, `type`) VALUES
(1, 'فیلم', 'mp4'),
(2, 'عکس', 'jpg');

-- --------------------------------------------------------

--
-- Table structure for table `message`
--

CREATE TABLE IF NOT EXISTS `message` (
  `id` int(11) NOT NULL AUTO_INCREMENT,
  `title` varchar(45) DEFAULT NULL,
  `message` varchar(1500) DEFAULT NULL,
  `date` timestamp NULL DEFAULT CURRENT_TIMESTAMP,
  `sender` int(11) NOT NULL,
  `reciver` int(11) NOT NULL,
  `message_flag_id` int(11) NOT NULL,
  PRIMARY KEY (`id`),
  KEY `fk_message_user3_idx` (`sender`),
  KEY `fk_message_user4_idx` (`reciver`)
) ENGINE=InnoDB  DEFAULT CHARSET=utf8 AUTO_INCREMENT=13 ;

--
-- Dumping data for table `message`
--

INSERT INTO `message` (`id`, `title`, `message`, `date`, `sender`, `reciver`, `message_flag_id`) VALUES
(1, 'title', 'message', '2018-08-09 11:52:18', 1, 1, 1),
(2, 'title2', 'meesage2', '2018-08-09 11:53:49', 1, 1, 1),
(3, 'title 3', 'safasfasf', '2018-08-09 11:54:02', 1, 1, 1),
(4, 'sagasgas', '<p>gasgagasg</p>', '2018-08-09 14:15:41', 1, 1, 1),
(5, 'tttiiitrrrr', '<p>messaggggeeee</p>', '2018-08-09 14:16:04', 1, 1, 1),
(6, 'sagasga', '<p>sgasgagasgagasg</p>', '2018-08-09 15:11:40', 1, 1, 1),
(7, 'sagasga', '<p>jkjjk</p>', '2018-08-09 17:33:44', 1, 1, 1),
(8, 'ghar ghar', 'ghahharrrrrrrr', '2018-08-10 16:36:54', 1, 1, 1),
(9, 'sdgsdgsd', 'gsdgsgsdg', '2018-08-10 16:38:20', 1, 1, 1),
(10, 'dhfdsh', 'dhdhdfhdfh', '2018-08-18 17:51:52', 1, 1, 1),
(11, 'vbmn,bn,', '<p>bn,bn,bn,b,</p>', '2018-09-14 09:27:50', 1, 1, 0),
(12, 'fff', '<p>fff</p>', '2018-09-14 09:29:04', 1, 1, 0);

-- --------------------------------------------------------

--
-- Table structure for table `news`
--

CREATE TABLE IF NOT EXISTS `news` (
  `id` int(11) NOT NULL AUTO_INCREMENT,
  `title` varchar(200) DEFAULT NULL,
  `brif` varchar(300) DEFAULT NULL,
  `news` varchar(1000) DEFAULT NULL,
  `date` timestamp NULL DEFAULT CURRENT_TIMESTAMP,
  `news_cat_id` int(11) NOT NULL,
  `user_id` int(11) NOT NULL,
  `global_status_id` int(11) NOT NULL,
  PRIMARY KEY (`id`),
  KEY `fk_news_news_cat1_idx` (`news_cat_id`),
  KEY `fk_news_user1_idx` (`user_id`),
  KEY `fk_news_global_status1_idx` (`global_status_id`)
) ENGINE=InnoDB  DEFAULT CHARSET=utf8 AUTO_INCREMENT=12 ;

--
-- Dumping data for table `news`
--

INSERT INTO `news` (`id`, `title`, `brif`, `news`, `date`, `news_cat_id`, `user_id`, `global_status_id`) VALUES
(1, 'سیاست', 'پررویی', 'safasgasg', '2018-08-05 19:36:05', 1, 1, 2),
(2, 'fdhdfhdfhdf', 'hdfhdfhdfh', 'hdfhdf', '2018-08-09 22:29:45', 1, 1, 1),
(3, 'rtrtyr', 'tyrt', 'yrtyrty', '2018-09-14 09:07:24', 1, 1, 1),
(4, 'fgjfgj', 'jfgjfgj', 'fgjfg', '2018-09-14 09:13:00', 1, 1, 1),
(5, 'fdhdfhdhhf', 'hdfhdfh', 'rhdf', '2018-09-14 09:14:07', 1, 1, 1),
(6, 'fghfgj', 'fgjfjfgj', 'fgjfgj', '2018-09-14 09:15:32', 1, 1, 1),
(7, 'fgjfgjgggggggggg', 'gggggg', 'gggggg', '2018-09-14 09:20:32', 1, 1, 2),
(8, 't', 'tt', 't', '2018-09-14 09:21:46', 1, 1, 1),
(9, 't', 'tt', 't', '2018-09-14 09:22:13', 1, 1, 1),
(10, 'jlj', 'jkljl', 'kljkl', '2018-09-14 09:22:21', 1, 1, 1),
(11, 'tutru', 'urtururtu', 'trurt', '2018-10-22 19:35:24', 1, 1, 1);

-- --------------------------------------------------------

--
-- Table structure for table `news_cat`
--

CREATE TABLE IF NOT EXISTS `news_cat` (
  `id` int(11) NOT NULL AUTO_INCREMENT,
  `name` varchar(45) DEFAULT NULL,
  PRIMARY KEY (`id`)
) ENGINE=InnoDB  DEFAULT CHARSET=utf8 AUTO_INCREMENT=2 ;

--
-- Dumping data for table `news_cat`
--

INSERT INTO `news_cat` (`id`, `name`) VALUES
(1, 'news');

-- --------------------------------------------------------

--
-- Table structure for table `package`
--

CREATE TABLE IF NOT EXISTS `package` (
  `id` int(11) NOT NULL AUTO_INCREMENT,
  `name` varchar(45) DEFAULT NULL,
  `descrioption` varchar(500) DEFAULT NULL,
  `price` int(11) DEFAULT NULL,
  `creation_date` timestamp NULL DEFAULT CURRENT_TIMESTAMP,
  `expire_date` timestamp NULL DEFAULT NULL,
  `months` int(11) DEFAULT NULL,
  `user_id` int(11) DEFAULT NULL,
  `global_status_id` int(11) NOT NULL,
  `course_id` int(11) DEFAULT NULL,
  `lesson_id` int(11) DEFAULT NULL,
  PRIMARY KEY (`id`),
  KEY `fk_package_user1_idx` (`user_id`),
  KEY `fk_package_global_status1_idx` (`global_status_id`),
  KEY `fk_package_course1_idx` (`course_id`),
  KEY `fk_package_lesson1_idx` (`lesson_id`)
) ENGINE=InnoDB  DEFAULT CHARSET=utf8 AUTO_INCREMENT=9 ;

--
-- Dumping data for table `package`
--

INSERT INTO `package` (`id`, `name`, `descrioption`, `price`, `creation_date`, `expire_date`, `months`, `user_id`, `global_status_id`, `course_id`, `lesson_id`) VALUES
(1, 'name', 'description', 10000, '2018-08-08 15:57:39', '2018-08-08 15:57:39', 12, 1, 1, 1, 1),
(4, 'dhdhdf', 'hdfhdfhdfh', NULL, '2018-08-08 19:13:04', '2018-08-21 19:30:00', 363, NULL, 1, NULL, 1),
(5, 'ffff', 'hhhhh', NULL, '2018-08-08 19:16:50', '2018-08-30 19:30:00', 363, NULL, 1, NULL, 1),
(6, 'ttt', 'kj', NULL, '2018-08-08 19:20:10', '2018-08-27 19:30:00', 2, NULL, 1, NULL, 1),
(7, 'ttt', 'toooo', 1000, '2018-08-08 19:26:00', '2018-08-25 19:30:00', 10, 1, 2, NULL, 1),
(8, 'fgj', 'gfjgfjfgj', 435345, '2018-09-14 10:21:03', '2018-09-18 19:30:00', 435, 1, 1, NULL, 2);

-- --------------------------------------------------------

--
-- Table structure for table `package_user`
--

CREATE TABLE IF NOT EXISTS `package_user` (
  `id` int(11) NOT NULL AUTO_INCREMENT,
  `purchase_date` timestamp NULL DEFAULT CURRENT_TIMESTAMP,
  `global_status_id` int(11) NOT NULL,
  `package_id` int(11) NOT NULL,
  `user_id` int(11) NOT NULL,
  PRIMARY KEY (`id`),
  KEY `fk_package_user_global_status1_idx` (`global_status_id`),
  KEY `fk_package_user_package1_idx` (`package_id`),
  KEY `fk_package_user_user1_idx` (`user_id`)
) ENGINE=InnoDB  DEFAULT CHARSET=utf8 AUTO_INCREMENT=2 ;

--
-- Dumping data for table `package_user`
--

INSERT INTO `package_user` (`id`, `purchase_date`, `global_status_id`, `package_id`, `user_id`) VALUES
(1, '2018-08-11 19:21:28', 1, 1, 1);

-- --------------------------------------------------------

--
-- Table structure for table `question`
--

CREATE TABLE IF NOT EXISTS `question` (
  `id` int(11) NOT NULL AUTO_INCREMENT,
  `question` varchar(300) DEFAULT NULL,
  `answer_a` varchar(200) DEFAULT NULL,
  `answer_b` varchar(200) DEFAULT NULL,
  `answer_c` varchar(200) DEFAULT NULL,
  `answer_d` varchar(200) DEFAULT NULL,
  `answer` int(11) NOT NULL,
  `description` varchar(45) DEFAULT NULL,
  `note` varchar(45) DEFAULT NULL,
  `time` int(11) DEFAULT NULL,
  `hadrdness_id` int(11) NOT NULL,
  `importance_id` int(11) NOT NULL,
  `question_type_id` int(11) DEFAULT NULL,
  `user_id` int(11) DEFAULT NULL,
  `sub_chapter_id` int(11) NOT NULL,
  `global_status_id` int(11) NOT NULL,
  PRIMARY KEY (`id`),
  KEY `fk_question_hadrdness1_idx` (`hadrdness_id`),
  KEY `fk_question_importance1_idx` (`importance_id`),
  KEY `fk_question_question_type1_idx` (`question_type_id`),
  KEY `fk_question_user1_idx` (`user_id`),
  KEY `fk_question_sub_chapter1_idx` (`sub_chapter_id`),
  KEY `fk_question_global_status1_idx` (`global_status_id`)
) ENGINE=InnoDB  DEFAULT CHARSET=utf8 AUTO_INCREMENT=61 ;

--
-- Dumping data for table `question`
--

INSERT INTO `question` (`id`, `question`, `answer_a`, `answer_b`, `answer_c`, `answer_d`, `answer`, `description`, `note`, `time`, `hadrdness_id`, `importance_id`, `question_type_id`, `user_id`, `sub_chapter_id`, `global_status_id`) VALUES
(55, 'soal', 'javab1', 'javab2', 'javab3', 'javab4', 1, 'description', 'not', 10, 1, 1, 1, 1, 11, 1),
(56, 'soal2', 'javab1', 'javab2', 'javab3', 'javab4', 1, 'description', 'not', 10, 1, 1, 1, 1, 11, 1),
(57, 'soal3', 'javab1', 'javab2', 'javab3', 'javab4', 1, 'description', 'not', 10, 1, 1, 1, 1, 12, 1),
(58, 'soal', 'javab1', 'javab2', 'javab3', 'javab4', 1, 'description', 'not', 10, 1, 1, 1, 1, 13, 1),
(59, 'soal2', 'javab1', 'javab2', 'javab3', 'javab4', 1, 'description', 'not', 10, 1, 1, 1, 1, 13, 1),
(60, 'soal3', 'javab1', 'javab2', 'javab3', 'javab4', 1, 'description', 'not', 10, 1, 1, 1, 1, 14, 1);

-- --------------------------------------------------------

--
-- Table structure for table `question_type`
--

CREATE TABLE IF NOT EXISTS `question_type` (
  `id` int(11) NOT NULL AUTO_INCREMENT,
  `name` varchar(45) DEFAULT NULL,
  PRIMARY KEY (`id`)
) ENGINE=InnoDB  DEFAULT CHARSET=utf8 AUTO_INCREMENT=2 ;

--
-- Dumping data for table `question_type`
--

INSERT INTO `question_type` (`id`, `name`) VALUES
(1, 'sarasari');

-- --------------------------------------------------------

--
-- Table structure for table `redeem`
--

CREATE TABLE IF NOT EXISTS `redeem` (
  `id` int(11) NOT NULL AUTO_INCREMENT,
  `name` varchar(45) DEFAULT NULL,
  `despription` varchar(500) DEFAULT NULL,
  `amount` varchar(45) DEFAULT NULL,
  `code` varchar(45) DEFAULT NULL,
  `max_user` int(11) DEFAULT NULL,
  `create_date` timestamp NULL DEFAULT CURRENT_TIMESTAMP,
  `expire_date` timestamp NULL DEFAULT NULL,
  `global_status_id` int(11) NOT NULL,
  PRIMARY KEY (`id`),
  KEY `fk_redeem_global_status1_idx` (`global_status_id`)
) ENGINE=InnoDB  DEFAULT CHARSET=utf8 AUTO_INCREMENT=4 ;

--
-- Dumping data for table `redeem`
--

INSERT INTO `redeem` (`id`, `name`, `despription`, `amount`, `code`, `max_user`, `create_date`, `expire_date`, `global_status_id`) VALUES
(1, 'name', 'desc', '2000', '43634636346346', NULL, '2018-08-07 17:14:50', '2018-08-07 17:14:50', 1),
(2, 'reyery', 'sdgshsdhsdh', '45436', 'eryeryeyery', 46346, '2018-08-07 18:25:52', NULL, 2),
(3, 'نهال', '457457457457', '54647', 'eryeryeyery', 546, '2018-08-07 18:28:53', NULL, 1);

-- --------------------------------------------------------

--
-- Table structure for table `redeem_user`
--

CREATE TABLE IF NOT EXISTS `redeem_user` (
  `id` int(11) NOT NULL AUTO_INCREMENT,
  `description` varchar(45) DEFAULT NULL,
  `duo_date` timestamp NULL DEFAULT CURRENT_TIMESTAMP,
  `user_id` int(11) NOT NULL,
  `redeem_id` int(11) NOT NULL,
  PRIMARY KEY (`id`),
  KEY `fk_redeem_user_user1_idx` (`user_id`),
  KEY `fk_redeem_user_redeem1_idx` (`redeem_id`)
) ENGINE=InnoDB  DEFAULT CHARSET=utf8 AUTO_INCREMENT=2 ;

--
-- Dumping data for table `redeem_user`
--

INSERT INTO `redeem_user` (`id`, `description`, `duo_date`, `user_id`, `redeem_id`) VALUES
(1, 'طیلیباسیاسیاسیا', '2018-08-07 18:44:01', 1, 1);

-- --------------------------------------------------------

--
-- Table structure for table `room`
--

CREATE TABLE IF NOT EXISTS `room` (
  `id` int(11) NOT NULL AUTO_INCREMENT,
  `name` varchar(45) DEFAULT NULL,
  `date` timestamp NULL DEFAULT CURRENT_TIMESTAMP,
  `package_id` int(11) DEFAULT NULL,
  PRIMARY KEY (`id`),
  KEY `fk_room_package1_idx` (`package_id`)
) ENGINE=InnoDB  DEFAULT CHARSET=utf8 AUTO_INCREMENT=10 ;

--
-- Dumping data for table `room`
--

INSERT INTO `room` (`id`, `name`, `date`, `package_id`) VALUES
(8, 'sdsdgsdg', '2018-08-16 05:22:35', 7),
(9, 'er4yery', '2018-08-17 03:00:35', 1);

-- --------------------------------------------------------

--
-- Table structure for table `room_user`
--

CREATE TABLE IF NOT EXISTS `room_user` (
  `id` int(11) NOT NULL AUTO_INCREMENT,
  `date` timestamp NULL DEFAULT CURRENT_TIMESTAMP,
  `room_id` int(11) NOT NULL,
  `user_id` int(11) NOT NULL,
  PRIMARY KEY (`id`),
  KEY `fk_room_user_room1_idx` (`room_id`),
  KEY `fk_room_user_user1_idx` (`user_id`)
) ENGINE=InnoDB  DEFAULT CHARSET=utf8 AUTO_INCREMENT=4 ;

--
-- Dumping data for table `room_user`
--

INSERT INTO `room_user` (`id`, `date`, `room_id`, `user_id`) VALUES
(1, '2018-08-18 17:51:11', 8, 1),
(2, '2018-08-18 17:51:11', 9, 1),
(3, '2018-08-21 18:00:19', 9, 1);

-- --------------------------------------------------------

--
-- Table structure for table `rule`
--

CREATE TABLE IF NOT EXISTS `rule` (
  `id` int(11) NOT NULL AUTO_INCREMENT,
  `name` varchar(45) DEFAULT NULL,
  `despription` varchar(45) DEFAULT NULL,
  `access` tinyint(1) NOT NULL DEFAULT '1',
  PRIMARY KEY (`id`)
) ENGINE=InnoDB  DEFAULT CHARSET=utf8 AUTO_INCREMENT=901 ;

--
-- Dumping data for table `rule`
--

INSERT INTO `rule` (`id`, `name`, `despription`, `access`) VALUES
(1, 'main', 'main', 1),
(200, 'اخبار و اطلاعیه ها', 'اخبار و اطلاعیه ها', 1),
(300, 'پیام های دریافتی', 'پیام های دریافتی', 1),
(301, 'پیام های ارسالی ', 'پیام های ارسالی ', 1),
(400, 'کاربران ', 'کاربران ', 1),
(401, 'گروه های کاربری', 'گروه های کاربری', 1),
(402, 'زیر مجموعه ها', 'زیر مجموعه ها', 1),
(500, 'آموزش ', 'آموزش ', 1),
(501, 'سئوالات ', 'سئوالات ', 1),
(600, 'امتحان جامع', 'امتحان جامع', 1),
(700, 'بسته های آموزشی', 'بسته های آموزشی', 1),
(800, 'تراکنش ها', 'تراکنش ها', 1),
(801, 'کارت تخفیف', 'کارت تخفیف', 1),
(802, 'تخفیف های استفاده شده', 'تخفیف های استفاده شده', 1),
(900, 'کتابخانه', 'کتابخانه', 1);

-- --------------------------------------------------------

--
-- Table structure for table `sub_chapter`
--

CREATE TABLE IF NOT EXISTS `sub_chapter` (
  `id` int(11) NOT NULL AUTO_INCREMENT,
  `name` varchar(45) DEFAULT NULL,
  `description` varchar(500) DEFAULT NULL,
  `chapter_id` int(11) NOT NULL,
  `sequence` int(11) DEFAULT NULL,
  PRIMARY KEY (`id`),
  KEY `fk_sub_chapter_chapter1_idx` (`chapter_id`)
) ENGINE=InnoDB  DEFAULT CHARSET=utf8 AUTO_INCREMENT=15 ;

--
-- Dumping data for table `sub_chapter`
--

INSERT INTO `sub_chapter` (`id`, `name`, `description`, `chapter_id`, `sequence`) VALUES
(1, 'name', 'desc', 1, 100),
(2, 'sub-chapter', 'sub-chapter', 4, NULL),
(3, 'sub-chapter2', 'sub-chapter2', 5, NULL),
(4, 'sub-chapter', 'sub-chapter', 6, 100),
(5, 'sub-chapter2', 'sub-chapter2', 7, 100),
(6, 'sub-chapter', 'sub-chapter', 8, 100),
(7, 'sub-chapter2', 'sub-chapter2', 9, 100),
(8, 'sub-chapter', 'sub-chapter', 10, 100),
(9, 'sub-chapter2', 'sub-chapter2', 11, 100),
(10, 'sub-chapter', 'sub-chapter', 12, 100),
(11, 'sub-chapter', 'sub-chapter', 13, 100),
(12, 'sub-chapter2', 'sub-chapter2', 14, 101),
(13, 'sub-chapter', 'sub-chapter', 15, 100),
(14, 'sub-chapter2', 'sub-chapter2', 16, 101);

-- --------------------------------------------------------

--
-- Table structure for table `tag`
--

CREATE TABLE IF NOT EXISTS `tag` (
  `id` int(11) NOT NULL AUTO_INCREMENT,
  `name` varchar(45) DEFAULT NULL,
  `question_id` int(11) NOT NULL,
  PRIMARY KEY (`id`),
  KEY `fk_tag_question1_idx` (`question_id`)
) ENGINE=InnoDB DEFAULT CHARSET=utf8 AUTO_INCREMENT=1 ;

-- --------------------------------------------------------

--
-- Table structure for table `transaction`
--

CREATE TABLE IF NOT EXISTS `transaction` (
  `id` int(11) NOT NULL AUTO_INCREMENT,
  `name` varchar(45) DEFAULT NULL,
  `date` timestamp NULL DEFAULT CURRENT_TIMESTAMP,
  `amount` varchar(45) DEFAULT NULL,
  `description` varchar(500) DEFAULT NULL,
  `status` int(1) DEFAULT '0',
  `user_id` int(11) NOT NULL,
  `redeem_user_id` int(11) DEFAULT NULL,
  PRIMARY KEY (`id`),
  KEY `fk_transaction_user1_idx` (`user_id`),
  KEY `fk_transaction_redeem_user1_idx` (`redeem_user_id`)
) ENGINE=InnoDB  DEFAULT CHARSET=utf8 AUTO_INCREMENT=3 ;

--
-- Dumping data for table `transaction`
--

INSERT INTO `transaction` (`id`, `name`, `date`, `amount`, `description`, `status`, `user_id`, `redeem_user_id`) VALUES
(1, 'name', '2018-08-07 15:52:25', '2000', 'desc', 0, 1, NULL),
(2, 'sgfsdgsdg', '2018-09-07 13:52:34', '1000', 'bank', 1, 1, NULL);

-- --------------------------------------------------------

--
-- Table structure for table `user`
--

CREATE TABLE IF NOT EXISTS `user` (
  `id` int(11) NOT NULL AUTO_INCREMENT,
  `name` varchar(45) DEFAULT NULL,
  `family` varchar(45) DEFAULT NULL,
  `mobile` varchar(45) DEFAULT NULL,
  `address` varchar(45) DEFAULT NULL,
  `nationalcode` varchar(45) DEFAULT NULL,
  `password` varchar(45) DEFAULT NULL,
  `creation_date` timestamp NULL DEFAULT CURRENT_TIMESTAMP,
  `user_type_id` int(11) NOT NULL,
  `user_id` int(11) DEFAULT NULL,
  `global_status_id` int(11) NOT NULL,
  `lastlogin` timestamp NOT NULL DEFAULT CURRENT_TIMESTAMP,
  PRIMARY KEY (`id`),
  KEY `fk_user_user_type_idx` (`user_type_id`),
  KEY `fk_user_user1_idx` (`user_id`),
  KEY `fk_user_global_status1_idx` (`global_status_id`)
) ENGINE=InnoDB  DEFAULT CHARSET=utf8 AUTO_INCREMENT=9 ;

--
-- Dumping data for table `user`
--

INSERT INTO `user` (`id`, `name`, `family`, `mobile`, `address`, `nationalcode`, `password`, `creation_date`, `user_type_id`, `user_id`, `global_status_id`, `lastlogin`) VALUES
(1, 'علیرضا', 'امیرخانی', '09128922899', '1111', '1111', '111111', '2018-08-02 10:03:32', 1, NULL, 1, '2018-10-25 11:39:55'),
(6, 'asghar', 'asas', '09126192191', 'asfasf', '3333333333', '1111', '2018-08-10 17:28:09', 1, NULL, 1, '2018-10-24 19:37:10'),
(7, 'rdfjhdg', 'dfhdfh', 'dfhdfh', 'dfhdf', 'hdfhdf', 'hdfhdfh', '2018-08-15 18:05:22', 2, NULL, 1, '2018-08-15 18:05:22'),
(8, 'شاگرد', 'امیرخانی', '09125884909', 'address', '00723882135', '1111', '2018-08-22 14:15:35', 3, NULL, 1, '2018-10-25 11:30:17');

-- --------------------------------------------------------

--
-- Table structure for table `user_fav`
--

CREATE TABLE IF NOT EXISTS `user_fav` (
  `id` int(11) NOT NULL AUTO_INCREMENT,
  `date` timestamp NULL DEFAULT CURRENT_TIMESTAMP,
  `user_id` int(11) NOT NULL,
  `user_id1` int(11) NOT NULL,
  PRIMARY KEY (`id`),
  KEY `fk_user_fav_user1_idx` (`user_id`),
  KEY `fk_user_fav_user2_idx` (`user_id1`)
) ENGINE=InnoDB  DEFAULT CHARSET=utf8 AUTO_INCREMENT=10 ;

--
-- Dumping data for table `user_fav`
--

INSERT INTO `user_fav` (`id`, `date`, `user_id`, `user_id1`) VALUES
(1, '2018-09-13 18:35:22', 1, 1),
(2, '2018-09-14 08:00:18', 1, 1),
(3, '2018-09-14 08:06:51', 1, 1),
(4, '2018-09-14 08:09:33', 1, 1),
(5, '2018-09-14 08:12:49', 1, 1),
(6, '2018-09-14 08:14:26', 1, 1),
(7, '2018-09-14 08:17:37', 1, 7),
(8, '2018-09-14 08:22:02', 6, 8),
(9, '2018-09-14 09:36:55', 6, 8);

-- --------------------------------------------------------

--
-- Table structure for table `user_rule`
--

CREATE TABLE IF NOT EXISTS `user_rule` (
  `id` int(11) NOT NULL AUTO_INCREMENT,
  `rule_id` int(11) NOT NULL,
  `user_type_id` int(11) NOT NULL,
  PRIMARY KEY (`id`),
  KEY `fk_user_rule_rule1_idx` (`rule_id`),
  KEY `fk_user_rule_user_type1_idx` (`user_type_id`)
) ENGINE=InnoDB  DEFAULT CHARSET=utf8 AUTO_INCREMENT=97 ;

--
-- Dumping data for table `user_rule`
--

INSERT INTO `user_rule` (`id`, `rule_id`, `user_type_id`) VALUES
(1, 1, 1),
(2, 200, 1),
(3, 300, 1),
(4, 301, 1),
(5, 400, 1),
(6, 401, 1),
(7, 500, 1),
(8, 501, 1),
(9, 600, 1),
(10, 700, 1),
(11, 800, 1),
(12, 801, 1),
(13, 900, 1),
(60, 900, 2),
(93, 802, 1),
(94, 900, 3),
(95, 800, 3),
(96, 501, 3);

-- --------------------------------------------------------

--
-- Table structure for table `user_type`
--

CREATE TABLE IF NOT EXISTS `user_type` (
  `id` int(11) NOT NULL AUTO_INCREMENT,
  `name` varchar(45) DEFAULT NULL,
  `description` varchar(500) DEFAULT NULL,
  PRIMARY KEY (`id`)
) ENGINE=InnoDB  DEFAULT CHARSET=utf8 AUTO_INCREMENT=4 ;

--
-- Dumping data for table `user_type`
--

INSERT INTO `user_type` (`id`, `name`, `description`) VALUES
(1, 'مدیر', 'مدیر'),
(2, 'همکار', 'همکار'),
(3, 'شاگرد', 'شاگرد');

--
-- Constraints for dumped tables
--

--
-- Constraints for table `chapter`
--
ALTER TABLE `chapter`
  ADD CONSTRAINT `fk_chapter_lesson1` FOREIGN KEY (`lesson_id`) REFERENCES `lesson` (`id`) ON DELETE NO ACTION ON UPDATE NO ACTION;

--
-- Constraints for table `course`
--
ALTER TABLE `course`
  ADD CONSTRAINT `fk_course_category1` FOREIGN KEY (`category_id`) REFERENCES `category` (`id`) ON DELETE NO ACTION ON UPDATE NO ACTION;

--
-- Constraints for table `exam`
--
ALTER TABLE `exam`
  ADD CONSTRAINT `fk_exam_chapter1` FOREIGN KEY (`chapter_id`) REFERENCES `chapter` (`id`) ON DELETE NO ACTION ON UPDATE NO ACTION,
  ADD CONSTRAINT `fk_exam_exam_type1` FOREIGN KEY (`exam_type_id`) REFERENCES `exam_type` (`id`) ON DELETE NO ACTION ON UPDATE NO ACTION,
  ADD CONSTRAINT `fk_exam_hadrdness1` FOREIGN KEY (`hadrdness_id`) REFERENCES `hadrdness` (`id`) ON DELETE NO ACTION ON UPDATE NO ACTION,
  ADD CONSTRAINT `fk_exam_lesson1` FOREIGN KEY (`lesson_id`) REFERENCES `lesson` (`id`) ON DELETE NO ACTION ON UPDATE NO ACTION,
  ADD CONSTRAINT `fk_exam_sub_chapter1` FOREIGN KEY (`sub_chapter_id`) REFERENCES `sub_chapter` (`id`) ON DELETE NO ACTION ON UPDATE NO ACTION,
  ADD CONSTRAINT `fk_exam_user1` FOREIGN KEY (`user_id`) REFERENCES `user` (`id`) ON DELETE NO ACTION ON UPDATE NO ACTION;

--
-- Constraints for table `exam_question_answer`
--
ALTER TABLE `exam_question_answer`
  ADD CONSTRAINT `fk_exam_question_answer_exam1` FOREIGN KEY (`exam_id`) REFERENCES `exam` (`id`) ON DELETE NO ACTION ON UPDATE NO ACTION,
  ADD CONSTRAINT `fk_exam_question_answer_question1` FOREIGN KEY (`question_id`) REFERENCES `question` (`id`) ON DELETE NO ACTION ON UPDATE NO ACTION;

--
-- Constraints for table `fav`
--
ALTER TABLE `fav`
  ADD CONSTRAINT `fk_fav_user1` FOREIGN KEY (`user_id`) REFERENCES `user` (`id`) ON DELETE NO ACTION ON UPDATE NO ACTION;

--
-- Constraints for table `general_exam`
--
ALTER TABLE `general_exam`
  ADD CONSTRAINT `fk_general_exam_lesson1` FOREIGN KEY (`lesson_id`) REFERENCES `lesson` (`id`) ON DELETE NO ACTION ON UPDATE NO ACTION;

--
-- Constraints for table `general_exam_user`
--
ALTER TABLE `general_exam_user`
  ADD CONSTRAINT `fk_general_exam_user_general_exam1` FOREIGN KEY (`general_exam_id`) REFERENCES `general_exam` (`id`) ON DELETE NO ACTION ON UPDATE NO ACTION,
  ADD CONSTRAINT `fk_general_exam_user_user1` FOREIGN KEY (`user_id`) REFERENCES `user` (`id`) ON DELETE NO ACTION ON UPDATE NO ACTION;

--
-- Constraints for table `lesson`
--
ALTER TABLE `lesson`
  ADD CONSTRAINT `fk_lesson_course1` FOREIGN KEY (`course_id`) REFERENCES `course` (`id`) ON DELETE NO ACTION ON UPDATE NO ACTION;

--
-- Constraints for table `logs`
--
ALTER TABLE `logs`
  ADD CONSTRAINT `fk_logs_log_type1` FOREIGN KEY (`log_type_id`) REFERENCES `log_type` (`id`) ON DELETE NO ACTION ON UPDATE NO ACTION,
  ADD CONSTRAINT `fk_logs_user1` FOREIGN KEY (`user_id`) REFERENCES `user` (`id`) ON DELETE NO ACTION ON UPDATE NO ACTION;

--
-- Constraints for table `media`
--
ALTER TABLE `media`
  ADD CONSTRAINT `fk_media_chapter1` FOREIGN KEY (`chapter_id`) REFERENCES `chapter` (`id`) ON DELETE NO ACTION ON UPDATE NO ACTION,
  ADD CONSTRAINT `fk_media_global_status1` FOREIGN KEY (`global_status_id`) REFERENCES `global_status` (`id`) ON DELETE NO ACTION ON UPDATE NO ACTION,
  ADD CONSTRAINT `fk_media_media_type1` FOREIGN KEY (`media_type_id`) REFERENCES `media_type` (`id`) ON DELETE NO ACTION ON UPDATE NO ACTION,
  ADD CONSTRAINT `fk_media_user1` FOREIGN KEY (`user_id`) REFERENCES `user` (`id`) ON DELETE NO ACTION ON UPDATE NO ACTION;

--
-- Constraints for table `message`
--
ALTER TABLE `message`
  ADD CONSTRAINT `fk_message_user3` FOREIGN KEY (`sender`) REFERENCES `user` (`id`) ON DELETE NO ACTION ON UPDATE NO ACTION,
  ADD CONSTRAINT `fk_message_user4` FOREIGN KEY (`reciver`) REFERENCES `user` (`id`) ON DELETE NO ACTION ON UPDATE NO ACTION;

--
-- Constraints for table `news`
--
ALTER TABLE `news`
  ADD CONSTRAINT `fk_news_global_status1` FOREIGN KEY (`global_status_id`) REFERENCES `global_status` (`id`) ON DELETE NO ACTION ON UPDATE NO ACTION,
  ADD CONSTRAINT `fk_news_news_cat1` FOREIGN KEY (`news_cat_id`) REFERENCES `news_cat` (`id`) ON DELETE NO ACTION ON UPDATE NO ACTION,
  ADD CONSTRAINT `fk_news_user1` FOREIGN KEY (`user_id`) REFERENCES `user` (`id`) ON DELETE NO ACTION ON UPDATE NO ACTION;

--
-- Constraints for table `package`
--
ALTER TABLE `package`
  ADD CONSTRAINT `fk_package_course1` FOREIGN KEY (`course_id`) REFERENCES `course` (`id`) ON DELETE NO ACTION ON UPDATE NO ACTION,
  ADD CONSTRAINT `fk_package_global_status1` FOREIGN KEY (`global_status_id`) REFERENCES `global_status` (`id`) ON DELETE NO ACTION ON UPDATE NO ACTION,
  ADD CONSTRAINT `fk_package_lesson1` FOREIGN KEY (`lesson_id`) REFERENCES `lesson` (`id`) ON DELETE NO ACTION ON UPDATE NO ACTION,
  ADD CONSTRAINT `fk_package_user1` FOREIGN KEY (`user_id`) REFERENCES `user` (`id`) ON DELETE NO ACTION ON UPDATE NO ACTION;

--
-- Constraints for table `package_user`
--
ALTER TABLE `package_user`
  ADD CONSTRAINT `fk_package_user_global_status1` FOREIGN KEY (`global_status_id`) REFERENCES `global_status` (`id`) ON DELETE NO ACTION ON UPDATE NO ACTION,
  ADD CONSTRAINT `fk_package_user_package1` FOREIGN KEY (`package_id`) REFERENCES `package` (`id`) ON DELETE NO ACTION ON UPDATE NO ACTION,
  ADD CONSTRAINT `fk_package_user_user1` FOREIGN KEY (`user_id`) REFERENCES `user` (`id`) ON DELETE NO ACTION ON UPDATE NO ACTION;

--
-- Constraints for table `question`
--
ALTER TABLE `question`
  ADD CONSTRAINT `fk_question_global_status1` FOREIGN KEY (`global_status_id`) REFERENCES `global_status` (`id`) ON DELETE NO ACTION ON UPDATE NO ACTION,
  ADD CONSTRAINT `fk_question_hadrdness1` FOREIGN KEY (`hadrdness_id`) REFERENCES `hadrdness` (`id`) ON DELETE NO ACTION ON UPDATE NO ACTION,
  ADD CONSTRAINT `fk_question_importance1` FOREIGN KEY (`importance_id`) REFERENCES `importance` (`id`) ON DELETE NO ACTION ON UPDATE NO ACTION,
  ADD CONSTRAINT `fk_question_question_type1` FOREIGN KEY (`question_type_id`) REFERENCES `question_type` (`id`) ON DELETE NO ACTION ON UPDATE NO ACTION,
  ADD CONSTRAINT `fk_question_sub_chapter1` FOREIGN KEY (`sub_chapter_id`) REFERENCES `sub_chapter` (`id`) ON DELETE NO ACTION ON UPDATE NO ACTION,
  ADD CONSTRAINT `fk_question_user1` FOREIGN KEY (`user_id`) REFERENCES `user` (`id`) ON DELETE NO ACTION ON UPDATE NO ACTION;

--
-- Constraints for table `redeem`
--
ALTER TABLE `redeem`
  ADD CONSTRAINT `fk_redeem_global_status1` FOREIGN KEY (`global_status_id`) REFERENCES `global_status` (`id`) ON DELETE NO ACTION ON UPDATE NO ACTION;

--
-- Constraints for table `redeem_user`
--
ALTER TABLE `redeem_user`
  ADD CONSTRAINT `fk_redeem_user_redeem1` FOREIGN KEY (`redeem_id`) REFERENCES `redeem` (`id`) ON DELETE NO ACTION ON UPDATE NO ACTION,
  ADD CONSTRAINT `fk_redeem_user_user1` FOREIGN KEY (`user_id`) REFERENCES `user` (`id`) ON DELETE NO ACTION ON UPDATE NO ACTION;

--
-- Constraints for table `room`
--
ALTER TABLE `room`
  ADD CONSTRAINT `fk_room_package1` FOREIGN KEY (`package_id`) REFERENCES `package` (`id`) ON DELETE NO ACTION ON UPDATE NO ACTION;

--
-- Constraints for table `room_user`
--
ALTER TABLE `room_user`
  ADD CONSTRAINT `fk_room_user_room1` FOREIGN KEY (`room_id`) REFERENCES `room` (`id`) ON DELETE NO ACTION ON UPDATE NO ACTION,
  ADD CONSTRAINT `fk_room_user_user1` FOREIGN KEY (`user_id`) REFERENCES `user` (`id`) ON DELETE NO ACTION ON UPDATE NO ACTION;

--
-- Constraints for table `sub_chapter`
--
ALTER TABLE `sub_chapter`
  ADD CONSTRAINT `fk_sub_chapter_chapter1` FOREIGN KEY (`chapter_id`) REFERENCES `chapter` (`id`) ON DELETE NO ACTION ON UPDATE NO ACTION;

--
-- Constraints for table `tag`
--
ALTER TABLE `tag`
  ADD CONSTRAINT `fk_tag_question1` FOREIGN KEY (`question_id`) REFERENCES `question` (`id`) ON DELETE NO ACTION ON UPDATE NO ACTION;

--
-- Constraints for table `transaction`
--
ALTER TABLE `transaction`
  ADD CONSTRAINT `fk_transaction_redeem_user1` FOREIGN KEY (`redeem_user_id`) REFERENCES `redeem_user` (`id`) ON DELETE NO ACTION ON UPDATE NO ACTION,
  ADD CONSTRAINT `fk_transaction_user1` FOREIGN KEY (`user_id`) REFERENCES `user` (`id`) ON DELETE NO ACTION ON UPDATE NO ACTION;

--
-- Constraints for table `user`
--
ALTER TABLE `user`
  ADD CONSTRAINT `fk_user_global_status1` FOREIGN KEY (`global_status_id`) REFERENCES `global_status` (`id`) ON DELETE NO ACTION ON UPDATE NO ACTION,
  ADD CONSTRAINT `fk_user_user1` FOREIGN KEY (`user_id`) REFERENCES `user` (`id`) ON DELETE NO ACTION ON UPDATE NO ACTION,
  ADD CONSTRAINT `fk_user_user_type` FOREIGN KEY (`user_type_id`) REFERENCES `user_type` (`id`) ON DELETE NO ACTION ON UPDATE NO ACTION;

--
-- Constraints for table `user_fav`
--
ALTER TABLE `user_fav`
  ADD CONSTRAINT `fk_user_fav_user1` FOREIGN KEY (`user_id`) REFERENCES `user` (`id`) ON DELETE NO ACTION ON UPDATE NO ACTION,
  ADD CONSTRAINT `fk_user_fav_user2` FOREIGN KEY (`user_id1`) REFERENCES `user` (`id`) ON DELETE NO ACTION ON UPDATE NO ACTION;

--
-- Constraints for table `user_rule`
--
ALTER TABLE `user_rule`
  ADD CONSTRAINT `fk_user_rule_rule1` FOREIGN KEY (`rule_id`) REFERENCES `rule` (`id`) ON DELETE NO ACTION ON UPDATE NO ACTION,
  ADD CONSTRAINT `fk_user_rule_user_type1` FOREIGN KEY (`user_type_id`) REFERENCES `user_type` (`id`) ON DELETE NO ACTION ON UPDATE NO ACTION;

/*!40101 SET CHARACTER_SET_CLIENT=@OLD_CHARACTER_SET_CLIENT */;
/*!40101 SET CHARACTER_SET_RESULTS=@OLD_CHARACTER_SET_RESULTS */;
/*!40101 SET COLLATION_CONNECTION=@OLD_COLLATION_CONNECTION */;
